{
  "avg_delay_mean": [
    2.3859649122807016,
    2.116979949874687,
    2.26564039408867,
    1.7751774233948399,
    0.45714285714285713,
    0.3334522747546833,
    0.27266009852216755,
    0.8953438534969802,
    0.577449305080884,
    1.6307142857142858,
    0.6275974025974026
  ],
  "avg_delay_mean_T": [
    2000,
    12000,
    22000,
    32000,
    42000,
    52000,
    62000,
    72000,
    82000,
    92000,
    102000
  ],
  "avg_delivery_time_mean": [
    144.33333333333334,
    151.08012920231613,
    143.9253176043557,
    142.57522960674626,
    147.0071495585838,
    140.7705927589283,
    147.69509404388714,
    146.4584863678776,
    146.21142515379358,
    149.28837662337662,
    152.07253246753248
  ],
  "avg_delivery_time_mean_T": [
    2000,
    12000,
    22000,
    32000,
    42000,
    52000,
    62000,
    72000,
    82000,
    92000,
    102000
  ],
  "avg_energy_per_distance_mean": [
    0.0,
    0.0,
    0.0,
    0.0,
    0.0,
    0.0,
    0.0,
    0.0,
    0.0,
    0.0,
    0.0
  ],
  "avg_energy_per_distance_mean_T": [
    2000,
    12000,
    22000,
    32000,
    42000,
    52000,
    62000,
    72000,
    82000,
    92000,
    102000
  ],
  "avg_energy_per_task_mean": [
    1590.9204920152295,
    1640.1211291614713,
    1553.5128593572445,
    1500.801933016,
    1564.8241571773908,
    1469.236256907093,
    1625.767597407091,
    1517.7637380239169,
    1600.1935878952768,
    1648.1787856831077,
    1649.9988127646636
  ],
  "avg_energy_per_task_mean_T": [
    2000,
    12000,
    22000,
    32000,
    42000,
    52000,
    62000,
    72000,
    82000,
    92000,
    102000
  ],
  "avg_generation_time_mean": [
    29.423728813559322,
    29.18305084745763,
    29.29491525423729,
    29.437288135593224,
    28.979661016949155,
    28.96271186440678,
    29.338983050847457,
    29.681355932203388,
    30.1864406779661,
    29.31186440677966,
    28.68813559322034
  ],
  "avg_generation_time_mean_T": [
    2000,
    12000,
    22000,
    32000,
    42000,
    52000,
    62000,
    72000,
    82000,
    92000,
    102000
  ],
  "avg_generation_to_completion_time_mean": [
    144.33333333333334,
    151.15401218563653,
    143.97469535908738,
    142.63041454454373,
    147.07353286049724,
    140.8184656556646,
    147.7804590237349,
    146.54388323233567,
    146.5872966507177,
    149.4103896103896,
    152.09396103896106
  ],
  "avg_generation_to_completion_time_mean_T": [
    2000,
    12000,
    22000,
    32000,
    42000,
    52000,
    62000,
    72000,
    82000,
    92000,
    102000
  ],
  "avg_steps_per_order_mean": [
    144.33333333333334,
    151.08012920231613,
    143.9253176043557,
    142.57522960674626,
    147.0071495585838,
    140.7705927589283,
    147.69509404388714,
    146.4584863678776,
    146.21142515379358,
    149.28837662337662,
    152.07253246753248
  ],
  "avg_steps_per_order_mean_T": [
    2000,
    12000,
    22000,
    32000,
    42000,
    52000,
    62000,
    72000,
    82000,
    92000,
    102000
  ],
  "avg_wait_time_to_load_mean": [
    0.0,
    0.07388298332036988,
    0.04937775473165673,
    0.0551849377974451,
    0.06638330191346278,
    0.04787289673628841,
    0.08536497984773847,
    0.0853968644580475,
    0.37587149692412847,
    0.12201298701298702,
    0.021428571428571425
  ],
  "avg_wait_time_to_load_mean_T": [
    2000,
    12000,
    22000,
    32000,
    42000,
    52000,
    62000,
    72000,
    82000,
    92000,
    102000
  ],
  "completion_rate_mean": [
    0.95,
    0.9466666666666667,
    0.9466666666666667,
    0.9633333333333333,
    0.9533333333333334,
    0.9666666666666666,
    0.9366666666666665,
    0.9733333333333333,
    0.9366666666666668,
    0.9266666666666665,
    0.9266666666666667
  ],
  "completion_rate_mean_T": [
    2000,
    12000,
    22000,
    32000,
    42000,
    52000,
    62000,
    72000,
    82000,
    92000,
    102000
  ],
  "ep_length_mean": [
    2000.0,
    2000.0,
    2000.0,
    2000.0,
    2000.0,
    2000.0,
    2000.0,
    2000.0,
    2000.0,
    2000.0,
    2000.0
  ],
  "ep_length_mean_T": [
    2000,
    12000,
    22000,
    32000,
    42000,
    52000,
    62000,
    72000,
    82000,
    92000,
    102000
  ],
  "episode": [
    5.0,
    10.0,
    15.0,
    20.0,
    25.0,
    30.0,
    35.0,
    40.0,
    45.0,
    50.0
  ],
  "episode_T": [
    10000,
    20000,
    30000,
    40000,
    50000,
    60000,
    70000,
    80000,
    90000,
    100000
  ],
  "episode_limit_mean": [
    1.0,
    1.0,
    1.0,
    1.0,
    1.0,
    1.0,
    1.0,
    1.0,
    1.0,
    1.0,
    1.0
  ],
  "episode_limit_mean_T": [
    2000,
    12000,
    22000,
    32000,
    42000,
    52000,
    62000,
    72000,
    82000,
    92000,
    102000
  ],
  "episode_seed": [
    101.0,
    103.0,
    104.0,
    105.0,
    106.0,
    107.0,
    109.0,
    110.0,
    111.0,
    112.0,
    113.0,
    115.0,
    116.0,
    117.0,
    118.0,
    119.0,
    121.0,
    122.0,
    123.0,
    124.0,
    125.0,
    127.0,
    128.0,
    129.0,
    130.0,
    131.0,
    133.0,
    134.0,
    135.0,
    136.0,
    137.0,
    139.0,
    140.0,
    141.0,
    142.0,
    143.0,
    145.0,
    146.0,
    147.0,
    148.0,
    149.0,
    151.0,
    152.0,
    153.0,
    154.0,
    155.0,
    157.0,
    158.0,
    159.0,
    160.0,
    161.0
  ],
  "episode_seed_T": [
    0,
    2000,
    4000,
    6000,
    8000,
    10000,
    12000,
    14000,
    16000,
    18000,
    20000,
    22000,
    24000,
    26000,
    28000,
    30000,
    32000,
    34000,
    36000,
    38000,
    40000,
    42000,
    44000,
    46000,
    48000,
    50000,
    52000,
    54000,
    56000,
    58000,
    60000,
    62000,
    64000,
    66000,
    68000,
    70000,
    72000,
    74000,
    76000,
    78000,
    80000,
    82000,
    84000,
    86000,
    88000,
    90000,
    92000,
    94000,
    96000,
    98000,
    100000
  ],
  "epsilon": [
    1.0,
    0.902,
    0.804,
    0.706,
    0.6080000000000001,
    0.51,
    0.41200000000000003,
    0.31400000000000006,
    0.21600000000000008,
    0.1180000000000001,
    0.020000000000000018
  ],
  "epsilon_T": [
    2000,
    12000,
    22000,
    32000,
    42000,
    52000,
    62000,
    72000,
    82000,
    92000,
    102000
  ],
  "grad_norm": [
    27.574190139770508,
    9.329007148742676,
    11.611175537109375,
    9.148221969604492,
    8.336163520812988,
    3.883988380432129,
    1.403152346611023,
    3.5534508228302
  ],
  "grad_norm_T": [
    32000,
    42000,
    52000,
    62000,
    72000,
    82000,
    92000,
    102000
  ],
  "loss": [
    176.5601348876953,
    180.24884033203125,
    185.35263061523438,
    185.2229461669922,
    186.74948120117188,
    187.85281372070312,
    187.74244689941406,
    186.19680786132812
  ],
  "loss_T": [
    32000,
    42000,
    52000,
    62000,
    72000,
    82000,
    92000,
    102000
  ],
  "max_delivery_time_mean": [
    322.0,
    321.6,
    307.6,
    317.6,
    298.8,
    291.0,
    280.0,
    299.2,
    304.6,
    317.6,
    305.0
  ],
  "max_delivery_time_mean_T": [
    2000,
    12000,
    22000,
    32000,
    42000,
    52000,
    62000,
    72000,
    82000,
    92000,
    102000
  ],
  "noop_fastpath_steps_mean": [
    1942.0,
    1937.8,
    1938.8,
    1938.6,
    1937.8,
    1939.0,
    1936.8,
    1937.0,
    1935.8,
    1937.2,
    1940.8
  ],
  "noop_fastpath_steps_mean_T": [
    2000,
    12000,
    22000,
    32000,
    42000,
    52000,
    62000,
    72000,
    82000,
    92000,
    102000
  ],
  "on_time_rate_mean": [
    0.9473684210526315,
    0.9504969319851353,
    0.9506222452683432,
    0.9655109793771395,
    0.9892857142857142,
    0.9931013975617009,
    0.9860837438423644,
    0.9758559168230336,
    0.9751207564365458,
    0.9495454545454546,
    0.9748051948051948
  ],