{
  "avg_delay_mean": [
    33.01428571428571,
    35.85243348475016
  ],
  "avg_delay_mean_T": [
    1068,
    11068
  ],
  "avg_delivery_time_mean": [
    146.25714285714287,
    143.34785217136823
  ],
  "avg_delivery_time_mean_T": [
    1068,
    11068
  ],
  "avg_energy_per_distance_mean": [
    0.0,
    0.0
  ],
  "avg_energy_per_distance_mean_T": [
    1068,
    11068
  ],
  "avg_energy_per_task_mean": [
    1663.5095573607348,
    1679.2683146501417
  ],
  "avg_energy_per_task_mean_T": [
    1068,
    11068
  ],
  "avg_generation_time_mean": [
    11.173913043478262,
    10.727536231884057
  ],
  "avg_generation_time_mean_T": [
    1068,
    11068
  ],
  "avg_generation_to_completion_time_mean": [
    158.5,
    164.5541486938708
  ],
  "avg_generation_to_completion_time_mean_T": [
    1068,
    11068
  ],
  "avg_steps_per_order_mean": [
    146.25714285714287,
    143.34785217136823
  ],
  "avg_steps_per_order_mean_T": [
    1068,
    11068
  ],
  "avg_wait_time_to_load_mean": [
    12.242857142857142,
    21.206296522502576
  ],
  "avg_wait_time_to_load_mean_T": [
    1068,
    11068
  ],
  "completion_rate_mean": [
    1.0,
    0.9714285714285715
  ],
  "completion_rate_mean_T": [
    1068,
    11068
  ],
  "ep_length_mean": [
    1068.0,
    2000.0
  ],
  "ep_length_mean_T": [
    1068,
    11068
  ],
  "episode_limit_mean": [
    0.0,
    1.0
  ],
  "episode_limit_mean_T": [
    1068,
    11068
  ],
  "episode_seed": [
    101.0,
    103.0,
    104.0,
    105.0,
    106.0,
    107.0
  ],
  "episode_seed_T": [
    0,
    1068,
    3068,
    5068,
    7068,
    9068
  ],
  "epsilon": [
    1.0,
    0.9555668
  ],
  "epsilon_T": [
    1068,
    11068
  ],
  "max_delivery_time_mean": [
    310.0,
    315.8
  ],
  "max_delivery_time_mean_T": [
    1068,
    11068
  ],
  "noop_fastpath_steps_mean": [
    991.0,
    1921.4
  ],
  "noop_fastpath_steps_mean_T": [
    1068,
    11068
  ],
  "on_time_rate_mean": [
    0.45714285714285713,
    0.4519486964156201
  ],
  "on_time_rate_mean_T": [
    1068,
    11068
  ],
  "return_mean": [
    5701.219999999999,
    4795.535999999889
  ],
  "return_mean_T": [
    1068,
    11068
  ],
  "return_std": [
    0.0,
    535.4134025068339
  ],
  "return_std_T": [
    1068,
    11068
  ],
  "test_avg_delay_mean": [
    52.43076923076923
  ],
  "test_avg_delay_mean_T": [
    1068
  ],
  "test_avg_delivery_time_mean": [
    165.92307692307693
  ],
  "test_avg_delivery_time_mean_T": [
    1068
  ],
  "test_avg_energy_per_distance_mean": [
    0.0
  ],
  "test_avg_energy_per_distance_mean_T": [
    1068
  ],
  "test_avg_energy_per_task_mean": [
    1897.4223399400767
  ],
  "test_avg_energy_per_task_mean_T": [
    1068
  ],
  "test_avg_generation_time_mean": [
    10.927536231884059
  ],
  "test_avg_generation_time_mean_T": [
    1068
  ],
  "test_avg_generation_to_completion_time_mean": [
    186.2
  ],
  "test_avg_generation_to_completion_time_mean_T": [
    1068
  ],
  "test_avg_steps_per_order_mean": [
    165.92307692307693
  ],
  "test_avg_steps_per_order_mean_T": [
    1068
  ],
  "test_avg_wait_time_to_load_mean": [
    20.276923076923076
  ],
  "test_avg_wait_time_to_load_mean_T": [
    1068
  ],
  "test_completion_rate_mean": [
    0.9285714285714286
  ],
  "test_completion_rate_mean_T": [
    1068
  ],
  "test_ep_length_mean": [
    2000.0
  ],
  "test_ep_length_mean_T": [
    1068
  ],
  "test_episode_limit_mean": [
    1.0
  ],
  "test_episode_limit_mean_T": [
    1068
  ],
  "test_episode_seed": [
    102.0,
    108.0
  ],
  "test_episode_seed_T": [
    1068,
    11068
  ],
  "test_max_delivery_time_mean": [
    350.0
  ],
  "test_max_delivery_time_mean_T": [
    1068
  ],
  "test_noop_fastpath_steps_mean": [
    1948.0
  ],
  "test_noop_fastpath_steps_mean_T": [
    1068
  ],
  "test_on_time_rate_mean": [
    0.4153846153846154
  ],
  "test_on_time_rate_mean_T": [
    1068
  ],
  "test_return_mean": [
    3712.0999999999967
  ],
  "test_return_mean_T": [
    1068
  ],
  "test_return_std": [
    0.0
  ],
  "test_return_std_T": [
    1068
  ],
  "test_total_completed_mean": [
    65.0
  ],
  "test_total_completed_mean_T": [
    1068
  ],
  "test_total_energy_consumed_mean": [
    123332.45209610499
  ],
  "test_total_energy_consumed_mean_T": [
    1068
  ],
  "test_total_generated_mean": [
    70.0
  ],
  "test_total_generated_mean_T": [
    1068
  ],
  "total_completed_mean": [
    70.0,
    68.0
  ],
  "total_completed_mean_T": [
    1068,
    11068
  ],
  "total_energy_consumed_mean": [
    116445.66901525143,
    114115.70379134915
  ],
  "total_energy_consumed_mean_T": [
    1068,
    11068
  ],
  "total_generated_mean": [
    70.0,
    70.0
  ],
  "total_generated_mean_T": [
    1068,
    11068
  ]
}