{
  "avg_delay_mean": [
    4.18,
    6.6784489795918365,
    3.8747346938775515,
    4.035714285714286,
    4.776530612244898,
    4.954770795856335,
    3.5674681122448977,
    3.975047763786366,
    2.784126984126984,
    3.971585884353741
  ],
  "avg_delay_mean_T": [
    934,
    11553,
    22157,
    32332,
    44191,
    55965,
    67474,
    78038,
    89407,
    100009
  ],
  "avg_delivery_time_mean": [
    145.24,
    148.02991836734697,
    142.83767346938777,
    139.91840816326527,
    143.53230077745383,
    151.72449972086102,
    149.0393154761905,
    144.28448111159358,
    142.9710657596372,
    143.42864158163266
  ],
  "avg_delivery_time_mean_T": [
    934,
    11553,
    22157,
    32332,
    44191,
    55965,
    67474,
    78038,
    89407,
    100009
  ],
  "avg_energy_per_distance_mean": [
    0.0,
    0.0,
    0.0,
    0.0,
    0.0,
    0.0,
    0.0,
    0.0,
    0.0,
    0.0
  ],
  "avg_energy_per_distance_mean_T": [
    934,
    11553,
    22157,
    32332,
    44191,
    55965,
    67474,
    78038,
    89407,
    100009
  ],
  "avg_energy_per_task_mean": [
    1441.5241789901618,
    1467.1837671194285,
    1416.074049820903,
    1386.9613081430691,
    1423.1720014107611,
    1504.8931222340846,
    1478.1515086924987,
    1429.8620032707195,
    1417.1550548841371,
    1422.4640825575111
  ],
  "avg_energy_per_task_mean_T": [
    934,
    11553,
    22157,
    32332,
    44191,
    55965,
    67474,
    78038,
    89407,
    100009
  ],
  "completion_rate_mean": [
    1.0,
    0.998,
    0.998,
    0.998,
    0.982857142857143,
    0.9799999999999999,
    0.9849999999999999,
    0.9875,
    0.9933333333333333,
    0.99
  ],
  "completion_rate_mean_T": [
    934,
    11553,
    22157,
    32332,
    44191,
    55965,
    67474,
    78038,
    89407,
    100009
  ],
  "ep_length_mean": [
    934.0,
    1061.9,
    1060.4,
    1017.5,
    1694.142857142857,
    1682.0,
    1438.625,
    1320.5,
    1263.2222222222222,
    1325.25
  ],
  "ep_length_mean_T": [
    934,
    11553,
    22157,
    32332,
    44191,
    55965,
    67474,
    78038,
    89407,
    100009
  ],
  "episode": [
    10.0,
    21.0,
    31.0,
    38.0,
    45.0,
    53.0,
    61.0,
    70.0
  ],
  "episode_T": [
    10560,
    22157,
    32332,
    44191,
    55965,
    67474,
    78038,
    89407
  ],
  "episode_limit_mean": [
    0.0,
    0.1,
    0.1,
    0.1,
    0.7142857142857143,
    0.7142857142857143,
    0.5,
    0.375,
    0.3333333333333333,
    0.375
  ],
  "episode_limit_mean_T": [
    934,
    11553,
    22157,
    32332,
    44191,
    55965,
    67474,
    78038,
    89407,
    100009
  ],
  "episode_seed": [
    101.0,
    103.0,
    104.0,
    105.0,
    106.0,
    107.0,
    108.0,
    109.0,
    110.0,
    111.0,
    112.0,
    114.0,
    115.0,
    116.0,
    117.0,
    118.0,
    119.0,
    120.0,
    121.0,
    122.0,
    123.0,
    125.0,
    126.0,
    127.0,
    128.0,
    129.0,
    130.0,
    131.0,
    132.0,
    133.0,
    134.0,
    136.0,
    137.0,
    138.0,
    139.0,
    140.0,
    141.0,
    142.0,
    144.0,
    145.0,
    146.0,
    147.0,
    148.0,
    149.0,
    150.0,
    152.0,
    153.0,
    154.0,
    155.0,
    156.0,
    157.0,
    158.0,
    159.0,
    161.0,
    162.0,
    163.0,
    164.0,
    165.0,
    166.0,
    167.0,
    168.0,
    170.0,
    171.0,
    172.0,
    173.0,
    174.0,
    175.0,
    176.0,
    177.0,
    178.0,
    180.0,
    181.0,
    182.0,
    183.0,
    184.0,
    185.0,
    186.0,
    187.0
  ],
  "episode_seed_T": [
    0,
    934,
    1896,
    2838,
    3783,
    5783,
    6741,
    7736,
    8729,
    9679,
    10560,
    11553,
    12517,
    13412,
    14345,
    15332,
    16287,
    17286,
    18241,
    19174,
    20157,
    22157,
    23126,
    24061,
    25005,
    27005,
    27926,
    28797,
    29716,
    30567,
    31530,
    32332,
    34332,
    36332,
    37258,
    39258,
    41258,
    42191,
    44191,
    46191,
    47098,
    49098,
    51098,
    53098,
    53965,
    55965,
    57965,
    58813,
    60813,
    61704,
    62615,
    63474,
    65474,
    67474,
    68411,
    70411,
    71336,
    73336,
    74243,
    75139,
    76038,
    78038,
    78921,
    79757,
    80661,
    82661,
    84661,
    85583,
    86471,
    87407,
    89407,
    91407,
    92411,
    94411,
    96411,
    97327,
    98217,
    99105
  ],
  "epsilon": [
    1.0,
    0.87064,
    0.75307675,
    0.6137575,
    0.48316025000000007,
    0.33892875,
    0.19794350000000005,
    0.06853450000000005,
    0.02,
    0.02
  ],
  "epsilon_T": [
    934,
    11553,
    22157,
    32332,
    44191,
    55965,
    67474,
    78038,
    89407,
    100009
  ],
  "grad_norm": [
    37.35686492919922,
    29.034423828125,
    15.136091232299805,
    26.929643630981445,
    35.23305892944336,
    16.88071632385254,
    28.394874572753906,
    6.327127456665039,
    7.010941982269287
  ],
  "grad_norm_T": [
    8729,
    19174,
    29716,
    41258,
    53098,
    63474,
    74243,
    84661,
    96411
  ],
  "loss": [
    317.3975830078125,
    325.7490539550781,
    351.0547790527344,
    296.7029724121094,
    234.32601928710938,
    225.32382202148438,
    297.0589904785156,
    221.00509643554688,
    226.05661010742188
  ],
  "loss_T": [
    8729,
    19174,
    29716,
    41258,
    53098,
    63474,
    74243,
    84661,
    96411
  ],
  "noop_fastpath_steps_mean": [
    875.0,
    1005.1,
    1002.7,
    964.2,
    1646.7142857142858,
    1637.0,
    1393.875,
    1278.625,
    1222.888888888889,
    1285.0
  ],
  "noop_fastpath_steps_mean_T": [
    934,
    11553,
    22157,
    32332,
    44191,
    55965,
    67474,
    78038,
    89407,
    100009
  ],
  "on_time_rate_mean": [
    0.94,
    0.899795918367347,
    0.9338367346938776,
    0.9317142857142858,
    0.9212706511175898,
    0.9097227219155138,
    0.9282376700680272,
    0.9291131133304386,
    0.9552834467120181,
    0.9343303571428572
  ],
  "on_time_rate_mean_T": [
    934,
    11553,
    22157,
    32332,
    44191,
    55965,
    67474,
    78038,
    89407,
    100009
  ],
  "order_generate_rate_mean": [
    18.68,
    21.238,
    21.208000000000002,
    20.35,
    33.88285714285714,
    33.64,
    28.7725,
    26.41,
    25.26444444444444,
    26.504999999999995
  ],
  "order_generate_rate_mean_T": [
    934,
    11553,
    22157,
    32332,
    44191,
    55965,
    67474,
    78038,
    89407,
    100009
  ],
  "q_taken_mean": [
    0.054774981160141484,
    0.35440296560733536,
    0.4168935001126706,
    0.4522076783422772,
    0.3942670416942422,
    0.32466094526185063,
    0.44832307681023353,
    0.29589084514513664,
    0.3220073472792608
  ],
  "q_taken_mean_T": [
    8729,
    19174,
    29716,
    41258,
    53098,
    63474,
    74243,
    84661,
    96411
  ],
  "return_mean": [
    3702.4800000000173,
    3501.63400000001,
    3573.652000000018,
    3592.941000000017,
    3300.3985714285145,
    3362.928571428489,
    3496.811250000011,
    3431.4812499999553,
    3572.143333333293,
    3589.129999999998
  ],
  "return_mean_T": [
    934,
    11553,
    22157,
    32332,
    44191,
    55965,
    67474,
    78038,
    89407,
    100009
  ],
  "return_std": [
    0.0,
    184.85730411322564,
    179.94087238870824,
    141.80508273332333,
    194.07786062215553,
    187.1036525893323,
    383.75686070212555,
    268.33944163312344,
    125.89805170150485,
    180.7083735608432
  ],
  "return_std_T": [
    934,
    11553,
    22157,
    32332,
    44191,
    55965,
    67474,
    78038,
    89407,
    100009
  ],
  "target_mean": [
    0.37875852939912935,
    0.42036369667740237,
    0.429030690670873,
    0.38738817151773214,
    0.3134028286612461,
    0.28882480976888103,
    0.38465858247271445,
    0.2852427166440333,
    0.31428716224099307
  ],
  "target_mean_T": [
    8729,
    19174,
    29716,
    41258,
    53098,
    63474,
    74243,
    84661,
    96411
  ],