{
  "avg_delay_mean": [
    0.0,
    0.6665200406041405,
    0.8619110605268284,
    1.4252851957479908,
    1.8934539739178455,
    0.7444970184080891,
    1.0611471861471862,
    0.9741228070175438,
    0.7896753246753246,
    1.1411038961038962,
    0.3384795321637427
  ],
  "avg_delay_mean_T": [
    2000,
    12000,
    22000,
    32000,
    42000,
    52000,
    62000,
    72000,
    82000,
    92000,
    102000
  ],
  "avg_delivery_time_mean": [
    144.0,
    148.33561065140935,
    143.4942323664216,
    144.8214955492179,
    154.04116859946475,
    141.3879548007951,
    147.9928548644338,
    146.91654135338348,
    146.27253018910915,
    147.19162337662337,
    148.98395179868862
  ],
  "avg_delivery_time_mean_T": [
    2000,
    12000,
    22000,
    32000,
    42000,
    52000,
    62000,
    72000,
    82000,
    92000,
    102000
  ],
  "avg_energy_per_distance_mean": [
    0.0,
    0.0,
    0.0,
    0.0,
    0.0,
    0.0,
    0.0,
    0.0,
    0.0,
    0.0,
    0.0
  ],
  "avg_energy_per_distance_mean_T": [
    2000,
    12000,
    22000,
    32000,
    42000,
    52000,
    62000,
    72000,
    82000,
    92000,
    102000
  ],
  "avg_energy_per_task_mean": [
    1559.1220872113868,
    1562.626804558166,
    1489.3716721079682,
    1531.46780087985,
    1634.5420209131767,
    1506.6848800310368,
    1621.4972212527791,
    1587.9100406637804,
    1612.9706948225307,
    1627.9892498786242,
    1664.2860260134905
  ],
  "avg_energy_per_task_mean_T": [
    2000,
    12000,
    22000,
    32000,
    42000,
    52000,
    62000,
    72000,
    82000,
    92000,
    102000
  ],
  "avg_generation_time_mean": [
    27.406779661016948,
    26.922033898305084,
    27.349152542372885,
    27.128813559322033,
    27.1864406779661,
    27.932203389830512,
    27.28813559322034,
    27.29491525423729,
    26.90169491525424,
    26.688135593220334,
    27.70508474576271
  ],
  "avg_generation_time_mean_T": [
    2000,
    12000,
    22000,
    32000,
    42000,
    52000,
    62000,
    72000,
    82000,
    92000,
    102000
  ],
  "avg_generation_to_completion_time_mean": [
    144.01754385964912,
    148.40524367611022,
    143.55661201513425,
    144.90560020741506,
    154.12511044560554,
    141.44053020482238,
    148.01065162907267,
    146.93063909774438,
    146.2903873319663,
    147.22064935064935,
    149.023569023569
  ],
  "avg_generation_to_completion_time_mean_T": [
    2000,
    12000,
    22000,
    32000,
    42000,
    52000,
    62000,
    72000,
    82000,
    92000,
    102000
  ],
  "avg_steps_per_order_mean": [
    144.0,
    148.33561065140935,
    143.4942323664216,
    144.8214955492179,
    154.04116859946475,
    141.3879548007951,
    147.9928548644338,
    146.91654135338348,
    146.27253018910915,
    147.19162337662337,
    148.98395179868862
  ],
  "avg_steps_per_order_mean_T": [
    2000,
    12000,
    22000,
    32000,
    42000,
    52000,
    62000,
    72000,
    82000,
    92000,
    102000
  ],
  "avg_wait_time_to_load_mean": [
    0.017543859649122806,
    0.06963302470085207,
    0.06237964871266418,
    0.08410465819721717,
    0.08394184614077567,
    0.05257540402730965,
    0.0177967646388699,
    0.014097744360902253,
    0.017857142857142856,
    0.02902597402597402,
    0.03961722488038277
  ],
  "avg_wait_time_to_load_mean_T": [
    2000,
    12000,
    22000,
    32000,
    42000,
    52000,
    62000,
    72000,
    82000,
    92000,
    102000
  ],
  "completion_rate_mean": [
    0.95,
    0.9633333333333333,
    0.9633333333333333,
    0.9533333333333334,
    0.95,
    0.95,
    0.9333333333333333,
    0.9433333333333334,
    0.9333333333333333,
    0.9266666666666667,
    0.9199999999999999
  ],
  "completion_rate_mean_T": [
    2000,
    12000,
    22000,
    32000,
    42000,
    52000,
    62000,
    72000,
    82000,
    92000,
    102000
  ],
  "ep_length_mean": [
    2000.0,
    2000.0,
    2000.0,
    2000.0,
    2000.0,
    2000.0,
    2000.0,
    2000.0,
    2000.0,
    2000.0,
    2000.0
  ],
  "ep_length_mean_T": [
    2000,
    12000,
    22000,
    32000,
    42000,
    52000,
    62000,
    72000,
    82000,
    92000,
    102000
  ],
  "episode": [
    5.0,
    10.0,
    15.0,
    20.0,
    25.0,
    30.0,
    35.0,
    40.0,
    45.0,
    50.0
  ],
  "episode_T": [
    10000,
    20000,
    30000,
    40000,
    50000,
    60000,
    70000,
    80000,
    90000,
    100000
  ],
  "episode_limit_mean": [
    1.0,
    1.0,
    1.0,
    1.0,
    1.0,
    1.0,
    1.0,
    1.0,
    1.0,
    1.0,
    1.0
  ],
  "episode_limit_mean_T": [
    2000,
    12000,
    22000,
    32000,
    42000,
    52000,
    62000,
    72000,
    82000,
    92000,
    102000
  ],
  "episode_seed": [
    101.0,
    103.0,
    104.0,
    105.0,
    106.0,
    107.0,
    109.0,
    110.0,
    111.0,
    112.0,
    113.0,
    115.0,
    116.0,
    117.0,
    118.0,
    119.0,
    121.0,
    122.0,
    123.0,
    124.0,
    125.0,
    127.0,
    128.0,
    129.0,
    130.0,
    131.0,
    133.0,
    134.0,
    135.0,
    136.0,
    137.0,
    139.0,
    140.0,
    141.0,
    142.0,
    143.0,
    145.0,
    146.0,
    147.0,
    148.0,
    149.0,
    151.0,
    152.0,
    153.0,
    154.0,
    155.0,
    157.0,
    158.0,
    159.0,
    160.0,
    161.0
  ],
  "episode_seed_T": [
    0,
    2000,
    4000,
    6000,
    8000,
    10000,
    12000,
    14000,
    16000,
    18000,
    20000,
    22000,
    24000,
    26000,
    28000,
    30000,
    32000,
    34000,
    36000,
    38000,
    40000,
    42000,
    44000,
    46000,
    48000,
    50000,
    52000,
    54000,
    56000,
    58000,
    60000,
    62000,
    64000,
    66000,
    68000,
    70000,
    72000,
    74000,
    76000,
    78000,
    80000,
    82000,
    84000,
    86000,
    88000,
    90000,
    92000,
    94000,
    96000,
    98000,
    100000
  ],
  "epsilon": [
    1.0,
    0.81,
    0.6200000000000001,
    0.43000000000000005,
    0.2400000000000001,
    0.050000000000000155,
    0.05,
    0.05,
    0.05,
    0.05,
    0.05
  ],
  "epsilon_T": [
    2000,
    12000,
    22000,
    32000,
    42000,
    52000,
    62000,
    72000,
    82000,
    92000,
    102000
  ],
  "grad_norm": [
    7.020627498626709,
    6.910957336425781,
    3.091113567352295,
    0.5467817783355713,
    0.606554388999939,
    0.4611046314239502,
    0.49317145347595215,
    0.6925431489944458
  ],
  "grad_norm_T": [
    32000,
    42000,
    52000,
    62000,
    72000,
    82000,
    92000,
    102000
  ],
  "loss": [
    191.70913696289062,
    191.3383026123047,
    190.32437133789062,
    187.85324096679688,
    188.3717498779297,
    184.66510009765625,
    185.04095458984375,
    188.84487915039062
  ],
  "loss_T": [
    32000,
    42000,
    52000,
    62000,
    72000,
    82000,
    92000,
    102000
  ],
  "max_delivery_time_mean": [
    287.0,
    327.6,
    309.0,
    329.0,
    331.4,
    321.0,
    320.8,
    298.6,
    303.6,
    317.8,
    304.8
  ],
  "max_delivery_time_mean_T": [
    2000,
    12000,
    22000,
    32000,
    42000,
    52000,
    62000,
    72000,
    82000,
    92000,
    102000
  ],
  "noop_fastpath_steps_mean": [
    1941.0,
    1937.8,
    1938.4,
    1937.2,
    1937.4,
    1939.0,
    1941.0,
    1941.2,
    1941.0,
    1940.4,
    1939.8
  ],
  "noop_fastpath_steps_mean_T": [
    2000,
    12000,
    22000,
    32000,
    42000,
    52000,
    62000,
    72000,
    82000,
    92000,
    102000
  ],
  "on_time_rate_mean": [
    1.0,
    0.9722907502537759,
    0.9617644344643022,
    0.9649662950479646,
    0.9546111040312646,
    0.9719881600553106,
    0.9714262930052403,
    0.9540100250626565,
    0.9785064935064935,
    0.9637662337662338,
    0.971157185894028
  ],
  "on_time_rate_mean_T": [
    2000,
    12000,
    22000,
    32000,
    42000,
    52000,
    62000,
    72000,
    82000,
    92000,
    102000
  ],