{
  "avg_delay_mean": [
    7.270833333333333,
    7.804347826086956,
    14.065217391304348,
    10.28888888888889,
    10.627906976744185,
    7.142857142857143,
    13.065217391304348,
    7.840909090909091,
    33.625
  ],
  "avg_delay_mean_T": [
    20000,
    40000,
    60000,
    80000,
    100000,
    120000,
    140000,
    160000,
    180000
  ],
  "avg_delivery_time_mean": [
    144.75,
    152.17391304347825,
    156.43478260869566,
    156.11111111111111,
    147.8372093023256,
    156.57142857142858,
    142.65217391304347,
    140.3181818181818,
    154.34375
  ],
  "avg_delivery_time_mean_T": [
    20000,
    40000,
    60000,
    80000,
    100000,
    120000,
    140000,
    160000,
    180000
  ],
  "avg_energy_per_distance_mean": [
    0.0,
    0.0,
    0.0,
    0.0,
    0.0,
    0.0,
    0.0,
    0.0,
    0.0
  ],
  "avg_energy_per_distance_mean_T": [
    20000,
    40000,
    60000,
    80000,
    100000,
    120000,
    140000,
    160000,
    180000
  ],
  "avg_energy_per_task_mean": [
    1437.605061862936,
    1508.1239563422205,
    1551.3260389497348,
    1548.4517918076635,
    1464.5677457061568,
    1552.093995301457,
    1415.208610161742,
    1390.692031914481,
    1531.692036852136
  ],
  "avg_energy_per_task_mean_T": [
    20000,
    40000,
    60000,
    80000,
    100000,
    120000,
    140000,
    160000,
    180000
  ],
  "completion_rate_mean": [
    0.96,
    0.92,
    0.92,
    0.9,
    0.86,
    0.84,
    0.92,
    0.88,
    0.64
  ],
  "completion_rate_mean_T": [
    20000,
    40000,
    60000,
    80000,
    100000,
    120000,
    140000,
    160000,
    180000
  ],
  "ep_length_mean": [
    20000.0,
    20000.0,
    20000.0,
    20000.0,
    20000.0,
    20000.0,
    20000.0,
    20000.0,
    20000.0
  ],
  "ep_length_mean_T": [
    20000,
    40000,
    60000,
    80000,
    100000,
    120000,
    140000,
    160000,
    180000
  ],
  "episode": [
    2.0,
    4.0,
    6.0,
    8.0
  ],
  "episode_T": [
    40000,
    80000,
    120000,
    160000
  ],
  "episode_limit_mean": [
    1.0,
    1.0,
    1.0,
    1.0,
    1.0,
    1.0,
    1.0,
    1.0,
    1.0
  ],
  "episode_limit_mean_T": [
    20000,
    40000,
    60000,
    80000,
    100000,
    120000,
    140000,
    160000,
    180000
  ],
  "episode_seed": [
    101.0,
    103.0,
    104.0,
    106.0,
    107.0,
    109.0,
    110.0,
    112.0,
    113.0
  ],
  "episode_seed_T": [
    0,
    20000,
    40000,
    60000,
    80000,
    100000,
    120000,
    140000,
    160000
  ],
  "epsilon": [
    1.0,
    0.755,
    0.51,
    0.265,
    0.020000000000000018,
    0.02,
    0.02,
    0.02,
    0.02
  ],
  "epsilon_T": [
    20000,
    40000,
    60000,
    80000,
    100000,
    120000,
    140000,
    160000,
    180000
  ],
  "grad_norm": [
    1.8041267395019531,
    3.2425405979156494
  ],
  "grad_norm_T": [
    160000,
    180000
  ],
  "loss": [
    17.22733497619629,
    16.575538635253906
  ],
  "loss_T": [
    160000,
    180000
  ],
  "noop_fastpath_steps_mean": [
    19959.0,
    19949.0,
    19941.0,
    19908.0,
    19547.0,
    19763.0,
    19586.0,
    19608.0,
    19377.0
  ],
  "noop_fastpath_steps_mean_T": [
    20000,
    40000,
    60000,
    80000,
    100000,
    120000,
    140000,
    160000,
    180000
  ],
  "on_time_rate_mean": [
    0.7916666666666666,
    0.8478260869565217,
    0.8043478260869565,
    0.8222222222222222,
    0.8837209302325582,
    0.9523809523809523,
    0.782608695652174,
    0.9318181818181818,
    0.65625
  ],
  "on_time_rate_mean_T": [
    20000,
    40000,
    60000,
    80000,
    100000,
    120000,
    140000,
    160000,
    180000
  ],
  "order_generate_rate_mean": [
    400.0,
    400.0,
    400.0,
    400.0,
    400.0,
    400.0,
    400.0,
    400.0,
    400.0
  ],
  "order_generate_rate_mean_T": [
    20000,
    40000,
    60000,
    80000,
    100000,
    120000,
    140000,
    160000,
    180000
  ],
  "q_taken_mean": [
    0.056768232421875,
    0.02768637939453125
  ],
  "q_taken_mean_T": [
    160000,
    180000
  ],
  "return_mean": [
    1071.6100000021142,
    380.96000000029267,
    325.6600000002385,
    42.93999999898853,
    -397.32000000068564,
    -670.6699999995491,
    352.36000000022,
    -155.05999999970447,
    -4198.370000001111
  ],
  "return_mean_T": [
    20000,
    40000,
    60000,
    80000,
    100000,
    120000,
    140000,
    160000,
    180000
  ],
  "return_std": [
    0.0,
    0.0,
    0.0,
    0.0,
    0.0,
    0.0,
    0.0,
    0.0,
    0.0
  ],
  "return_std_T": [
    20000,
    40000,
    60000,
    80000,
    100000,
    120000,
    140000,
    160000,
    180000
  ],
  "target_mean": [
    0.0567984521484375,
    0.0547956591796875
  ],
  "target_mean_T": [
    160000,
    180000
  ],
  "td_error_abs": [
    0.354984033203125,
    0.453723779296875
  ],
  "td_error_abs_T": [
    160000,
    180000
  ],
  "test_avg_delay_mean": [
    9.7,
    5.0,
    6.153846153846154,
    0.28125
  ],
  "test_avg_delay_mean_T": [
    20000,
    60000,
    100000,
    140000
  ],
  "test_avg_delivery_time_mean": [
    140.725,
    125.52380952380952,
    143.5897435897436,
    126.53125
  ],
  "test_avg_delivery_time_mean_T": [
    20000,
    60000,
    100000,
    140000
  ],
  "test_avg_energy_per_distance_mean": [
    0.0,
    0.0,
    0.0,
    0.0
  ],
  "test_avg_energy_per_distance_mean_T": [
    20000,
    60000,
    100000,
    140000
  ],
  "test_avg_energy_per_task_mean": [
    1395.7915558526388,
    1243.3246208113155,
    1423.880897678182,
    1253.8047337487353
  ],
  "test_avg_energy_per_task_mean_T": [
    20000,
    60000,
    100000,
    140000
  ],
  "test_completion_rate_mean": [
    0.8,
    0.42,
    0.78,
    0.64
  ],
  "test_completion_rate_mean_T": [
    20000,
    60000,
    100000,
    140000
  ],
  "test_ep_length_mean": [
    20000.0,
    20000.0,
    20000.0,
    20000.0
  ],
  "test_ep_length_mean_T": [
    20000,
    60000,
    100000,
    140000
  ],
  "test_episode_limit_mean": [
    1.0,
    1.0,
    1.0,
    1.0
  ],
  "test_episode_limit_mean_T": [
    20000,
    60000,
    100000,
    140000
  ],
  "test_episode_seed": [
    102.0,
    105.0,
    108.0,
    111.0,
    114.0
  ],
  "test_episode_seed_T": [
    20000,
    60000,
    100000,
    140000,
    180000
  ],
  "test_noop_fastpath_steps_mean": [
    19451.0,
    19369.0,
    19455.0,
    19424.0
  ],
  "test_noop_fastpath_steps_mean_T": [
    20000,
    60000,
    100000,
    140000
  ],
  "test_on_time_rate_mean": [
    0.85,
    0.9523809523809523,
    0.8974358974358975,
    0.96875
  ],
  "test_on_time_rate_mean_T": [
    20000,
    60000,
    100000,
    140000
  ],
  "test_order_generate_rate_mean": [
    400.0,
    400.0,
    400.0,
    400.0
  ],
  "test_order_generate_rate_mean_T": [
    20000,
    60000,
    100000,
    140000
  ],
  "test_return_mean": [
    -1427.3700000001754,
    -7268.950000002235,
    -1728.2700000004484,
    -3780.8700000009426
  ],
  "test_return_mean_T": [
    20000,
    60000,
    100000,
    140000
  ],
  "test_return_std": [
    0.0,
    0.0,
    0.0,
    0.0
  ],
  "test_return_std_T": [
    20000,
    60000,
    100000,
    140000
  ],
  "test_total_completed_mean": [
    40.0,
    21.0,
    39.0,
    32.0
  ],
  "test_total_completed_mean_T": [
    20000,
    60000,
    100000,
    140000
  ],
  "test_total_energy_consumed_mean": [
    55831.66223410555,
    26109.817037037625,
    55531.3550094491,
    40121.75147995953
  ],
  "test_total_energy_consumed_mean_T": [
    20000,
    60000,
    100000,
    140000
  ],
  "total_completed_mean": [
    48.0,
    46.0,
    46.0,
    45.0,
    43.0,
    42.0,
    46.0,
    44.0,
    32.0
  ],
  "total_completed_mean_T": [
    20000,
    40000,
    60000,
    80000,
    100000,
    120000,
    140000,
    160000,
    180000
  ],