算法,unique,总步数,完成任务数,生成任务数,完成率,从生成到分配等待时间,从分配到实际装载上机等待时间,从上机到送达平均时间,从生成到完成总时间平均,从生成到完成总时间最大,超时率,平均时延,优先级1平均时延,优先级2平均时延,优先级3平均时延,总能量消耗
qmix,y,879,60,60,1.0,39.61666666666667,50.233333333333334,88.06666666666666,177.91666666666666,446.0,0.15000000000000002,11.55,11.173913043478262,11.88888888888889,11.68421052631579,90107.14051333873
vdn,y,858,60,60,1.0,27.516666666666666,49.516666666666666,90.48333333333333,167.51666666666668,380.0,0.19999999999999996,11.933333333333334,19.391304347826086,7.285714285714286,7.3125,90823.88212298082
