source,episode,t_env,mode,completion_rate,on_time_rate,avg_delay
backend_wx,1,0,train,0.7142857142857143,0.55,126.95
backend_wx,2,1200,test,0.7241379310344828,0.42857142857142855,95.33333333333333
backend_wx,1,0,train,0.7333333333333333,0.6363636363636364,62.40909090909091
backend_wx,2,1200,test,0.7142857142857143,0.65,37.45
backend_wx,1,0,train,0.6666666666666666,0.25,175.6875
backend_wx,2,1200,test,0.7333333333333333,0.5909090909090909,44.31818181818182
