{
  "avg_delay_mean": [
    124.95238095238095,
    107.5904761904762,
    93.80972222222222,
    99.73194444444445,
    89.70170454545455,
    92.38151444788441,
    66.52147413989519,
    61.35710526315789,
    63.020138888888894,
    70.40286796536797,
    74.35782390759508,
    66.34539141414142,
    37.13811568865917,
    33.823980653214065,
    56.3423663324979,
    33.32127192982456,
    34.11455108359134,
    12.832246335535809,
    24.39702380952381,
    26.95856676003735,
    9.795125707625708,
    18.844473684210527,
    17.40878718535469,
    26.86904761904762,
    17.381791125541124,
    18.423558897243108
  ],
  "avg_delay_mean_T": [
    1200,
    6000,
    10800,
    15600,
    20400,
    25200,
    30000,
    34800,
    39600,
    44400,
    49200,
    54000,
    58800,
    63600,
    68400,
    73200,
    78000,
    82800,
    87600,
    92400,
    97200,
    102000,
    106800,
    111600,
    116400,
    121200
  ],
  "completion_rate_mean": [
    0.7241379310344828,
    0.6881559220389806,
    0.7061457061457062,
    0.7032967032967032,
    0.7245098039215686,
    0.7093518518518519,
    0.7236270753512133,
    0.7381576756576758,
    0.7091483516483517,
    0.7329022988505747,
    0.7234787624109092,
    0.7224816849816851,
    0.7385651034607391,
    0.7280764635603345,
    0.7244817762059141,
    0.7239418442143692,
    0.6977777777777778,
    0.7323361823361824,
    0.7216748768472906,
    0.6941114058355439,
    0.7341157152516179,
    0.7169682169682169,
    0.7267296622135332,
    0.7162356321839081,
    0.7304392446633826,
    0.7139208173690932
  ],
  "completion_rate_mean_T": [
    1200,
    6000,
    10800,
    15600,
    20400,
    25200,
    30000,
    34800,
    39600,
    44400,
    49200,
    54000,
    58800,
    63600,
    68400,
    73200,
    78000,
    82800,
    87600,
    92400,
    97200,
    102000,
    106800,
    111600,
    116400,
    121200
  ],
  "ep_length_mean": [
    1200.0,
    1200.0,
    1200.0,
    1200.0,
    1200.0,
    1200.0,
    1200.0,
    1200.0,
    1200.0,
    1200.0,
    1200.0,
    1200.0,
    1200.0,
    1200.0,
    1200.0,
    1200.0,
    1200.0,
    1200.0,
    1200.0,
    1200.0,
    1200.0,
    1200.0,
    1200.0,
    1200.0,
    1200.0,
    1200.0
  ],
  "ep_length_mean_T": [
    1200,
    6000,
    10800,
    15600,
    20400,
    25200,
    30000,
    34800,
    39600,
    44400,
    49200,
    54000,
    58800,
    63600,
    68400,
    73200,
    78000,
    82800,
    87600,
    92400,
    97200,
    102000,
    106800,
    111600,
    116400,
    121200
  ],
  "episode": [
    4.0,
    8.0,
    12.0,
    16.0,
    20.0,
    24.0,
    28.0,
    32.0,
    36.0,
    40.0,
    44.0,
    48.0,
    52.0,
    56.0,
    60.0,
    64.0,
    68.0,
    72.0,
    76.0,
    80.0,
    84.0,
    88.0,
    92.0,
    96.0,
    100.0
  ],
  "episode_T": [
    4800,
    9600,
    14400,
    19200,
    24000,
    28800,
    33600,
    38400,
    43200,
    48000,
    52800,
    57600,
    62400,
    67200,
    72000,
    76800,
    81600,
    86400,
    91200,
    96000,
    100800,
    105600,
    110400,
    115200,
    120000
  ],
  "episode_limit_mean": [
    1.0,
    1.0,
    1.0,
    1.0,
    1.0,
    1.0,
    1.0,
    1.0,
    1.0,
    1.0,
    1.0,
    1.0,
    1.0,
    1.0,
    1.0,
    1.0,
    1.0,
    1.0,
    1.0,
    1.0,
    1.0,
    1.0,
    1.0,
    1.0,
    1.0,
    1.0
  ],
  "episode_limit_mean_T": [
    1200,
    6000,
    10800,
    15600,
    20400,
    25200,
    30000,
    34800,
    39600,
    44400,
    49200,
    54000,
    58800,
    63600,
    68400,
    73200,
    78000,
    82800,
    87600,
    92400,
    97200,
    102000,
    106800,
    111600,
    116400,
    121200
  ],
  "epsilon": [
    1.0,
    0.9412,
    0.8824,
    0.8236,
    0.7648,
    0.706,
    0.6472,
    0.5884,
    0.5296000000000001,
    0.4708,
    0.41200000000000003,
    0.35320000000000007,
    0.2944,
    0.23560000000000003,
    0.17680000000000007,
    0.118,
    0.05920000000000003,
    0.02,
    0.02,
    0.02,
    0.02,
    0.02,
    0.02,
    0.02,
    0.02,
    0.02
  ],
  "epsilon_T": [
    1200,
    6000,
    10800,
    15600,
    20400,
    25200,
    30000,
    34800,
    39600,
    44400,
    49200,
    54000,
    58800,
    63600,
    68400,
    73200,
    78000,
    82800,
    87600,
    92400,
    97200,
    102000,
    106800,
    111600,
    116400,
    121200
  ],
  "grad_norm": [
    217.9744873046875,
    259.8529052734375,
    151.7816162109375,
    74.17325592041016,
    62.55837631225586,
    62.44657516479492,
    180.00868225097656,
    69.10777282714844,
    159.0963897705078,
    50.8813362121582,
    78.4854507446289,
    188.94456481933594,
    119.63277435302734,
    855.458740234375,
    544.4981689453125,
    592.8145751953125,
    208.26902770996094,
    762.6958618164062,
    533.05615234375,
    986.7636108398438,
    628.4031372070312,
    882.4320678710938,
    116.95285034179688,
    692.8013305664062
  ],
  "grad_norm_T": [
    9600,
    14400,
    19200,
    24000,
    28800,
    33600,
    38400,
    43200,
    48000,
    52800,
    57600,
    62400,
    67200,
    72000,
    76800,
    81600,
    86400,
    91200,
    96000,
    100800,
    105600,
    110400,
    115200,
    120000
  ],
  "loss": [
    47495.078125,
    45845.9453125,
    45944.34375,
    54469.57421875,
    54554.26171875,
    52157.48828125,
    46010.21484375,
    44153.19140625,
    56971.76171875,
    45310.484375,
    51266.5625,
    47606.1484375,
    53656.55859375,
    52823.67578125,
    39093.3671875,
    34492.53515625,
    26051.3125,
    30552.57421875,
    41412.19140625,
    46441.34765625,
    34819.578125,
    21744.126953125,
    18170.556640625,
    24552.966796875
  ],
  "loss_T": [
    9600,
    14400,
    19200,
    24000,
    28800,
    33600,
    38400,
    43200,
    48000,
    52800,
    57600,
    62400,
    67200,
    72000,
    76800,
    81600,
    86400,
    91200,
    96000,
    100800,
    105600,
    110400,
    115200,
    120000
  ],
  "noop_fastpath_steps_mean": [
    1169.0,
    1178.0,
    1176.0,
    1177.0,
    1174.25,
    1175.25,
    1175.0,
    1174.0,
    1177.0,
    1173.75,
    1176.75,
    1176.0,
    1174.25,
    1176.75,
    1177.25,
    1178.75,
    1179.25,
    1150.5,
    1162.25,
    1179.25,
    1175.75,
    1177.5,
    1170.75,
    1099.25,
    1041.75,
    1109.25
  ],
  "noop_fastpath_steps_mean_T": [
    1200,
    6000,
    10800,
    15600,
    20400,
    25200,
    30000,
    34800,
    39600,
    44400,
    49200,
    54000,
    58800,
    63600,
    68400,
    73200,
    78000,
    82800,
    87600,
    92400,
    97200,
    102000,
    106800,
    111600,
    116400,
    121200
  ],
  "on_time_rate_mean": [
    0.47619047619047616,
    0.41428571428571426,
    0.5031432748538012,
    0.5111111111111111,
    0.6144012237762237,
    0.6206462848297214,
    0.6528537252221462,
    0.672061403508772,
    0.6865196078431373,
    0.7035984848484849,
    0.7380407540590606,
    0.6206439393939394,
    0.7723966251140165,
    0.7037133347201997,
    0.7603383458646616,
    0.7156954887218044,
    0.6880804953560371,
    0.8487933849775955,
    0.7946428571428571,
    0.7497665732959851,
    0.839985014985015,
    0.7804239766081871,
    0.7826544622425629,
    0.7061011904761905,
    0.8018127705627706,
    0.7124060150375939
  ],
  "on_time_rate_mean_T": [
    1200,
    6000,
    10800,
    15600,
    20400,
    25200,
    30000,
    34800,
    39600,
    44400,
    49200,
    54000,
    58800,
    63600,
    68400,
    73200,
    78000,
    82800,
    87600,
    92400,
    97200,
    102000,
    106800,
    111600,
    116400,
    121200
  ],