{
  "avg_delay_mean": [
    0.0,
    1.0602432806153312,
    1.0238527352864921,
    0.8785714285714284,
    1.4472222222222222,
    0.7173258003766478,
    1.504048964218456,
    0.37490583804143124,
    1.5787193973634652,
    0.9297324501591012
  ],
  "avg_delay_mean_T": [
    2000,
    12000,
    22000,
    32000,
    42593,
    54167,
    65239,
    76207,
    87117,
    98391
  ],
  "avg_delivery_time_mean": [
    144.0,
    145.3950911762164,
    145.23492999740733,
    143.98659147869677,
    149.0861111111111,
    145.24792843691148,
    147.90645009416195,
    145.080461393597,
    145.0292372881356,
    149.9916601727385
  ],
  "avg_delivery_time_mean_T": [
    2000,
    12000,
    22000,
    32000,
    42593,
    54167,
    65239,
    76207,
    87117,
    98391
  ],
  "avg_energy_per_distance_mean": [
    0.0,
    0.0,
    0.0,
    0.0,
    0.0,
    0.0,
    0.0,
    0.0,
    0.0,
    0.0
  ],
  "avg_energy_per_distance_mean_T": [
    2000,
    12000,
    22000,
    32000,
    42593,
    54167,
    65239,
    76207,
    87117,
    98391
  ],
  "avg_energy_per_task_mean": [
    1559.1220872113868,
    1546.0336430559148,
    1525.1779129695437,
    1547.5057648337593,
    1477.490045507857,
    1462.5138474827263,
    1480.343431862445,
    1446.3530625195774,
    1442.4364234827947,
    1506.6545254379719
  ],
  "avg_energy_per_task_mean_T": [
    2000,
    12000,
    22000,
    32000,
    42593,
    54167,
    65239,
    76207,
    87117,
    98391
  ],
  "avg_generation_time_mean": [
    27.406779661016948,
    26.922033898305084,
    27.349152542372885,
    27.128813559322033,
    27.228813559322035,
    27.604519774011298,
    27.245762711864405,
    27.06497175141243,
    26.929378531073443,
    27.666666666666668
  ],
  "avg_generation_time_mean_T": [
    2000,
    12000,
    22000,
    32000,
    42593,
    54167,
    65239,
    76207,
    87117,
    98391
  ],
  "avg_generation_to_completion_time_mean": [
    144.01754385964912,
    145.44053020482238,
    145.2668243885576,
    144.03646616541351,
    150.00833333333333,
    149.73987758945384,
    156.06360640301318,
    151.9068738229755,
    152.5572975517891,
    157.92300311708553
  ],
  "avg_generation_to_completion_time_mean_T": [
    2000,
    12000,
    22000,
    32000,
    42593,
    54167,
    65239,
    76207,
    87117,
    98391
  ],
  "avg_steps_per_order_mean": [
    144.0,
    145.3950911762164,
    145.23492999740733,
    143.98659147869677,
    149.0861111111111,
    145.24792843691148,
    147.90645009416195,
    145.080461393597,
    145.0292372881356,
    149.9916601727385
  ],
  "avg_steps_per_order_mean_T": [
    2000,
    12000,
    22000,
    32000,
    42593,
    54167,
    65239,
    76207,
    87117,
    98391
  ],
  "avg_wait_time_to_load_mean": [
    0.017543859649122806,
    0.04543902860599776,
    0.03189439115028951,
    0.049874686716791974,
    0.9222222222222222,
    4.4919491525423725,
    8.157156308851224,
    6.826412429378532,
    7.528060263653484,
    7.931342944347034
  ],
  "avg_wait_time_to_load_mean_T": [
    2000,
    12000,
    22000,
    32000,
    42593,
    54167,
    65239,
    76207,
    87117,
    98391
  ],
  "completion_rate_mean": [
    0.95,
    0.9533333333333334,
    0.9533333333333334,
    0.9400000000000001,
    1.0,
    0.9888888888888889,
    0.9944444444444445,
    0.9972222222222222,
    0.9972222222222222,
    0.9916666666666667
  ],
  "completion_rate_mean_T": [
    2000,
    12000,
    22000,
    32000,
    42593,
    54167,
    65239,
    76207,
    87117,
    98391
  ],
  "ep_length_mean": [
    2000.0,
    2000.0,
    2000.0,
    2000.0,
    1765.5,
    1929.0,
    1845.3333333333333,
    1828.0,
    1818.3333333333333,
    1879.0
  ],
  "ep_length_mean_T": [
    2000,
    12000,
    22000,
    32000,
    42593,
    54167,
    65239,
    76207,
    87117,
    98391
  ],
  "episode": [
    5.0,
    10.0,
    15.0,
    21.0,
    27.0,
    33.0,
    39.0,
    45.0,
    51.0
  ],
  "episode_T": [
    10000,
    20000,
    30000,
    40845,
    52354,
    63239,
    74406,
    85424,
    96600
  ],
  "episode_limit_mean": [
    1.0,
    1.0,
    1.0,
    1.0,
    0.0,
    0.6666666666666666,
    0.3333333333333333,
    0.16666666666666666,
    0.16666666666666666,
    0.3333333333333333
  ],
  "episode_limit_mean_T": [
    2000,
    12000,
    22000,
    32000,
    42593,
    54167,
    65239,
    76207,
    87117,
    98391
  ],
  "episode_seed": [
    101.0,
    103.0,
    104.0,
    105.0,
    106.0,
    107.0,
    109.0,
    110.0,
    111.0,
    112.0,
    113.0,
    115.0,
    116.0,
    117.0,
    118.0,
    119.0,
    121.0,
    122.0,
    123.0,
    124.0,
    125.0,
    126.0,
    128.0,
    129.0,
    130.0,
    131.0,
    132.0,
    133.0,
    135.0,
    136.0,
    137.0,
    138.0,
    139.0,
    140.0,
    142.0,
    143.0,
    144.0,
    145.0,
    146.0,
    147.0,
    149.0,
    150.0,
    151.0,
    152.0,
    153.0,
    154.0,
    156.0,
    157.0,
    158.0,
    159.0,
    160.0,
    161.0,
    163.0
  ],
  "episode_seed_T": [
    0,
    2000,
    4000,
    6000,
    8000,
    10000,
    12000,
    14000,
    16000,
    18000,
    20000,
    22000,
    24000,
    26000,
    28000,
    30000,
    32000,
    33754,
    35535,
    37334,
    39132,
    40845,
    42593,
    44593,
    46354,
    48354,
    50354,
    52354,
    54167,
    56167,
    57958,
    59696,
    61506,
    63239,
    65239,
    67009,
    68862,
    70862,
    72627,
    74406,
    76207,
    78017,
    80017,
    81872,
    83627,
    85424,
    87117,
    89117,
    90936,
    92936,
    94817,
    96600,
    98391
  ],
  "epsilon": [
    1.0,
    0.81,
    0.6200000000000001,
    0.43000000000000005,
    0.22394500000000006,
    0.05,
    0.05,
    0.05,
    0.05,
    0.05
  ],
  "epsilon_T": [
    2000,
    12000,
    22000,
    32000,
    42593,
    54167,
    65239,
    76207,
    87117,
    98391
  ],
  "grad_norm": [
    6.834261417388916,
    7.385869026184082,
    1.5193569660186768,
    1.1404467821121216,
    1.0019128322601318,
    1.2743223905563354,
    1.2081466913223267
  ],
  "grad_norm_T": [
    32000,
    42593,
    54167,
    65239,
    76207,
    87117,
    98391
  ],
  "loss": [
    193.14004516601562,
    201.7203369140625,
    202.9947052001953,
    195.44932556152344,
    196.92681884765625,
    196.54200744628906,
    209.549072265625
  ],
  "loss_T": [
    32000,
    42593,
    54167,
    65239,
    76207,
    87117,
    98391
  ],
  "max_delivery_time_mean": [
    287.0,
    299.2,
    308.0,
    330.8,
    336.1666666666667,
    329.8333333333333,
    324.0,
    284.5,
    326.5,
    324.6666666666667
  ],
  "max_delivery_time_mean_T": [
    2000,
    12000,
    22000,
    32000,
    42593,
    54167,
    65239,
    76207,
    87117,
    98391
  ],
  "noop_fastpath_steps_mean": [
    1941.0,
    1939.4,
    1940.2,
    1939.0,
    1652.8333333333333,
    1616.1666666666667,
    1334.1666666666667,
    1380.6666666666667,
    1339.8333333333333,
    1381.0
  ],
  "noop_fastpath_steps_mean_T": [
    2000,
    12000,
    22000,
    32000,
    42593,
    54167,
    65239,
    76207,
    87117,
    98391
  ],
  "on_time_rate_mean": [
    1.0,
    0.9685982196871489,
    0.9612760349148735,
    0.975,
    0.9666666666666667,
    0.9747175141242939,
    0.9581450094161958,
    0.9776836158192089,
    0.958286252354049,
    0.9663825573089162
  ],
  "on_time_rate_mean_T": [
    2000,
    12000,
    22000,
    32000,
    42593,
    54167,
    65239,
    76207,
    87117,
    98391
  ],
  "q_taken_mean": [
    0.01133795654296875,
    0.09724064901585655,
    0.21921275823243366,
    0.23147925711914188,
    0.2350871355638325,
    0.23959762393329426,
    0.230914700905743
  ],
  "q_taken_mean_T": [
    32000,
    42593,
    54167,
    65239,
    76207,
    87117,
    98391
  ],