{
  "avg_delay_mean": [
    5.76,
    2.229090909090909,
    2.3600000000000003,
    2.9359999999999995,
    1.416,
    2.4618181818181815,
    1.9345454545454546,
    2.78,
    2.3345454545454545,
    2.850909090909091
  ],
  "avg_delay_mean_T": [
    974,
    11669,
    21795,
    32147,
    42458,
    52633,
    62891,
    73748,
    84156,
    94355
  ],
  "avg_delivery_time_mean": [
    156.26,
    143.90727272727273,
    145.77,
    145.63799999999998,
    142.45999999999998,
    145.6890909090909,
    137.62727272727273,
    148.14181818181817,
    140.07636363636362,
    138.35090909090908
  ],
  "avg_delivery_time_mean_T": [
    974,
    11669,
    21795,
    32147,
    42458,
    52633,
    62891,
    73748,
    84156,
    94355
  ],
  "avg_energy_per_distance_mean": [
    0.0,
    0.0,
    0.0,
    0.0,
    0.0,
    0.0,
    0.0,
    0.0,
    0.0,
    0.0
  ],
  "avg_energy_per_distance_mean_T": [
    974,
    11669,
    21795,
    32147,
    42458,
    52633,
    62891,
    73748,
    84156,
    94355
  ],
  "avg_energy_per_task_mean": [
    1549.4548664513306,
    1426.3562565584002,
    1444.7298463391248,
    1443.8760132998855,
    1412.0687698032896,
    1445.0811845833139,
    1363.8529705243027,
    1469.167954974487,
    1388.9430684476602,
    1371.8372453002203
  ],
  "avg_energy_per_task_mean_T": [
    974,
    11669,
    21795,
    32147,
    42458,
    52633,
    62891,
    73748,
    84156,
    94355
  ],
  "avg_generation_time_mean": [
    7.270833333333333,
    7.444128787878788,
    7.589583333333333,
    7.736458333333333,
    7.466666666666667,
    7.489583333333334,
    7.317234848484848,
    7.651515151515152,
    7.5,
    7.435606060606061
  ],
  "avg_generation_time_mean_T": [
    974,
    11669,
    21795,
    32147,
    42458,
    52633,
    62891,
    73748,
    84156,
    94355
  ],
  "completion_rate_mean": [
    1.0,
    1.0,
    1.0,
    1.0,
    1.0,
    1.0,
    1.0,
    1.0,
    1.0,
    1.0
  ],
  "completion_rate_mean_T": [
    974,
    11669,
    21795,
    32147,
    42458,
    52633,
    62891,
    73748,
    84156,
    94355
  ],
  "ep_length_mean": [
    974.0,
    972.2727272727273,
    1012.6,
    1035.2,
    1031.1,
    925.0,
    932.5454545454545,
    987.0,
    946.1818181818181,
    927.1818181818181
  ],
  "ep_length_mean_T": [
    974,
    11669,
    21795,
    32147,
    42458,
    52633,
    62891,
    73748,
    84156,
    94355
  ],
  "episode": [
    11.0,
    21.0,
    31.0,
    41.0,
    52.0,
    63.0,
    74.0,
    85.0,
    96.0
  ],
  "episode_T": [
    10714,
    20765,
    31113,
    41527,
    51769,
    61886,
    72755,
    83241,
    93444
  ],
  "episode_limit_mean": [
    0.0,
    0.0,
    0.0,
    0.0,
    0.0,
    0.0,
    0.0,
    0.0,
    0.0,
    0.0
  ],
  "episode_limit_mean_T": [
    974,
    11669,
    21795,
    32147,
    42458,
    52633,
    62891,
    73748,
    84156,
    94355
  ],
  "episode_seed": [
    101.0,
    103.0,
    104.0,
    105.0,
    106.0,
    107.0,
    108.0,
    109.0,
    110.0,
    111.0,
    112.0,
    113.0,
    115.0,
    116.0,
    117.0,
    118.0,
    119.0,
    120.0,
    121.0,
    122.0,
    123.0,
    124.0,
    126.0,
    127.0,
    128.0,
    129.0,
    130.0,
    131.0,
    132.0,
    133.0,
    134.0,
    135.0,
    137.0,
    138.0,
    139.0,
    140.0,
    141.0,
    142.0,
    143.0,
    144.0,
    145.0,
    146.0,
    148.0,
    149.0,
    150.0,
    151.0,
    152.0,
    153.0,
    154.0,
    155.0,
    156.0,
    157.0,
    158.0,
    160.0,
    161.0,
    162.0,
    163.0,
    164.0,
    165.0,
    166.0,
    167.0,
    168.0,
    169.0,
    170.0,
    172.0,
    173.0,
    174.0,
    175.0,
    176.0,
    177.0,
    178.0,
    179.0,
    180.0,
    181.0,
    182.0,
    184.0,
    185.0,
    186.0,
    187.0,
    188.0,
    189.0,
    190.0,
    191.0,
    192.0,
    193.0,
    194.0,
    196.0,
    197.0,
    198.0,
    199.0,
    200.0,
    201.0,
    202.0,
    203.0,
    204.0,
    205.0,
    206.0,
    208.0,
    209.0,
    210.0,
    211.0,
    212.0,
    213.0
  ],
  "episode_seed_T": [
    0,
    974,
    1941,
    2952,
    3928,
    4879,
    5850,
    6760,
    7762,
    8753,
    9745,
    10714,
    11669,
    12654,
    13608,
    14572,
    15581,
    16615,
    17723,
    18729,
    19735,
    20765,
    21795,
    22797,
    23802,
    24899,
    25957,
    26955,
    27981,
    29020,
    30061,
    31113,
    32147,
    33090,
    34053,
    35135,
    36227,
    37304,
    38418,
    39458,
    40519,
    41527,
    42458,
    43396,
    44269,
    45178,
    46107,
    47066,
    48019,
    48948,
    49876,
    50865,
    51769,
    52633,
    53514,
    54488,
    55402,
    56332,
    57279,
    58204,
    59127,
    60074,
    60997,
    61886,
    62891,
    63910,
    64928,
    65932,
    66929,
    67946,
    68943,
    69903,
    70805,
    71759,
    72755,
    73748,
    74696,
    75608,
    76595,
    77610,
    78625,
    79579,
    80458,
    81399,
    82310,
    83241,
    84156,
    85150,
    86054,
    86971,
    87959,
    88882,
    89792,
    90686,
    91649,
    92548,
    93444,
    94355,
    95255,
    96153,
    97060,
    98133,
    99189
  ],
  "epsilon": [
    1.0,
    0.8950028,
    0.796503,
    0.6950926,
    0.5930354,
    0.4926638,
    0.3935172,
    0.28700100000000006,
    0.18423820000000002,
    0.08424880000000001
  ],
  "epsilon_T": [
    974,
    11669,
    21795,
    32147,
    42458,
    52633,
    62891,
    73748,
    84156,
    94355
  ],
  "grad_norm": [
    32.912601470947266,
    25.139049530029297,
    26.605613708496094,
    14.398372650146484,
    21.43318748474121,
    7.11401891708374,
    4.578176021575928,
    26.02265167236328,
    22.465316772460938
  ],
  "grad_norm_T": [
    15581,
    25957,
    36227,
    47066,
    57279,
    67946,
    78625,
    88882,
    99189
  ],
  "loss": [
    360.5484924316406,
    330.4078063964844,
    319.235595703125,
    328.3717346191406,
    329.20220947265625,
    328.2810974121094,
    326.3357849121094,
    329.2369079589844,
    329.951416015625
  ],
  "loss_T": [
    15581,
    25957,
    36227,
    47066,
    57279,
    67946,
    78625,
    88882,
    99189
  ],
  "noop_fastpath_steps_mean": [
    900.0,
    901.2727272727273,
    934.5,
    951.1,
    930.6,
    799.3636363636364,
    796.7272727272727,
    813.4545454545455,
    738.1818181818181,
    553.5454545454545
  ],
  "noop_fastpath_steps_mean_T": [
    974,
    11669,
    21795,
    32147,
    42458,
    52633,
    62891,
    73748,
    84156,
    94355
  ],
  "on_time_rate_mean": [
    0.94,
    0.9599999999999999,
    0.9600000000000002,
    0.958,
    0.9620000000000001,
    0.9563636363636363,
    0.9636363636363637,
    0.9563636363636366,
    0.9545454545454546,
    0.9454545454545454
  ],
  "on_time_rate_mean_T": [
    974,
    11669,
    21795,
    32147,
    42458,
    52633,
    62891,
    73748,
    84156,
    94355
  ],
  "order_generate_rate_mean": [
    19.48,
    19.44545454545454,
    20.252000000000002,
    20.704,
    20.622000000000003,
    18.500000000000004,
    18.650909090909092,
    19.74,
    18.923636363636362,
    18.543636363636363
  ],
  "order_generate_rate_mean_T": [
    974,
    11669,
    21795,
    32147,
    42458,
    52633,
    62891,
    73748,
    84156,
    94355
  ],
  "q_taken_mean": [
    0.047222892164334763,
    0.361882728157168,
    0.3500654281082846,
    0.4518725765954742,
    0.36820042347199183,
    0.40605557968217204,
    0.4167204399241671,
    0.8090126717318901,
    0.759592898306164
  ],
  "q_taken_mean_T": [
    15581,
    25957,
    36227,
    47066,
    57279,
    67946,
    78625,
    88882,
    99189
  ],
  "return_mean": [
    3919.7800000000107,
    3796.242727272766,
    3701.6000000000413,
    3611.054000000043,
    3691.219000000053,
    3595.403636363669,
    3725.814545454585,
    3646.317272727312,
    3714.2600000000402,
    3709.547272727307
  ],