{
  "avg_delay_mean": [
    5.76,
    2.7560000000000002,
    2.246,
    2.332,
    1.0399999999999998,
    2.705454545454545,
    1.7527272727272725,
    2.2218181818181817,
    1.8909090909090909,
    1.6799999999999997
  ],
  "avg_delay_mean_T": [
    974,
    10978,
    20986,
    31298,
    41935,
    52200,
    62346,
    73282,
    83580,
    93689
  ],
  "avg_delivery_time_mean": [
    156.26,
    146.392,
    146.132,
    146.404,
    141.0781818181818,
    149.89636363636362,
    137.22545454545454,
    146.0109090909091,
    138.2672727272727,
    143.66545454545457
  ],
  "avg_delivery_time_mean_T": [
    974,
    10978,
    20986,
    31298,
    41935,
    52200,
    62346,
    73282,
    83580,
    93689
  ],
  "avg_energy_per_distance_mean": [
    0.0,
    0.0,
    0.0,
    0.0,
    0.0,
    0.0,
    0.0,
    0.0,
    0.0,
    0.0
  ],
  "avg_energy_per_distance_mean_T": [
    974,
    10978,
    20986,
    31298,
    41935,
    52200,
    62346,
    73282,
    83580,
    93689
  ],
  "avg_energy_per_task_mean": [
    1549.4548664513306,
    1451.4268314786445,
    1448.1877477116261,
    1451.0897212887965,
    1398.3511866016306,
    1486.7913696100882,
    1359.9763330629578,
    1447.7330051090737,
    1370.7703587264189,
    1424.0996893492852
  ],
  "avg_energy_per_task_mean_T": [
    974,
    10978,
    20986,
    31298,
    41935,
    52200,
    62346,
    73282,
    83580,
    93689
  ],
  "completion_rate_mean": [
    1.0,
    1.0,
    1.0,
    1.0,
    1.0,
    1.0,
    1.0,
    1.0,
    1.0,
    1.0
  ],
  "completion_rate_mean_T": [
    974,
    10978,
    20986,
    31298,
    41935,
    52200,
    62346,
    73282,
    83580,
    93689
  ],
  "ep_length_mean": [
    974.0,
    1000.4,
    1000.8,
    1031.2,
    967.0,
    933.1818181818181,
    922.3636363636364,
    994.1818181818181,
    936.1818181818181,
    919.0
  ],
  "ep_length_mean_T": [
    974,
    10978,
    20986,
    31298,
    41935,
    52200,
    62346,
    73282,
    83580,
    93689
  ],
  "episode": [
    11.0,
    21.0,
    31.0,
    42.0,
    53.0,
    64.0,
    75.0,
    86.0,
    97.0
  ],
  "episode_T": [
    10978,
    20986,
    31298,
    41935,
    52200,
    62346,
    73282,
    83580,
    93689
  ],
  "episode_limit_mean": [
    0.0,
    0.0,
    0.0,
    0.0,
    0.0,
    0.0,
    0.0,
    0.0,
    0.0,
    0.0
  ],
  "episode_limit_mean_T": [
    974,
    10978,
    20986,
    31298,
    41935,
    52200,
    62346,
    73282,
    83580,
    93689
  ],
  "episode_seed": [
    101.0,
    103.0,
    104.0,
    105.0,
    106.0,
    107.0,
    108.0,
    109.0,
    110.0,
    111.0,
    112.0,
    114.0,
    115.0,
    116.0,
    117.0,
    118.0,
    119.0,
    120.0,
    121.0,
    122.0,
    123.0,
    125.0,
    126.0,
    127.0,
    128.0,
    129.0,
    130.0,
    131.0,
    132.0,
    133.0,
    134.0,
    136.0,
    137.0,
    138.0,
    139.0,
    140.0,
    141.0,
    142.0,
    143.0,
    144.0,
    145.0,
    146.0,
    148.0,
    149.0,
    150.0,
    151.0,
    152.0,
    153.0,
    154.0,
    155.0,
    156.0,
    157.0,
    158.0,
    160.0,
    161.0,
    162.0,
    163.0,
    164.0,
    165.0,
    166.0,
    167.0,
    168.0,
    169.0,
    170.0,
    172.0,
    173.0,
    174.0,
    175.0,
    176.0,
    177.0,
    178.0,
    179.0,
    180.0,
    181.0,
    182.0,
    184.0,
    185.0,
    186.0,
    187.0,
    188.0,
    189.0,
    190.0,
    191.0,
    192.0,
    193.0,
    194.0,
    196.0,
    197.0,
    198.0,
    199.0,
    200.0,
    201.0,
    202.0,
    203.0,
    204.0,
    205.0,
    206.0,
    208.0,
    209.0,
    210.0,
    211.0,
    212.0,
    213.0,
    214.0
  ],
  "episode_seed_T": [
    0,
    974,
    1976,
    3025,
    4031,
    5008,
    6009,
    7012,
    8014,
    9016,
    9962,
    10978,
    11944,
    12860,
    13800,
    14701,
    15723,
    16731,
    17796,
    18857,
    19916,
    20986,
    22053,
    23055,
    24113,
    25114,
    26114,
    27156,
    28211,
    29265,
    30260,
    31298,
    32303,
    33234,
    34164,
    35145,
    36124,
    37110,
    38087,
    39097,
    40105,
    41080,
    41935,
    42855,
    43775,
    44743,
    45662,
    46627,
    47556,
    48485,
    49405,
    50359,
    51282,
    52200,
    53098,
    54050,
    54901,
    55842,
    56764,
    57681,
    58598,
    59544,
    60445,
    61345,
    62346,
    63362,
    64378,
    65428,
    66437,
    67438,
    68435,
    69390,
    70276,
    71286,
    72238,
    73282,
    74288,
    75148,
    76135,
    77138,
    78082,
    79027,
    79908,
    80838,
    81735,
    82703,
    83580,
    84487,
    85395,
    86284,
    87207,
    88139,
    89088,
    90000,
    90901,
    91835,
    92733,
    93689,
    94584,
    95466,
    96357,
    97367,
    98334,
    99342
  ],
  "epsilon": [
    1.0,
    0.9023724,
    0.8048232,
    0.703452,
    0.597416,
    0.4974364,
    0.39881900000000003,
    0.2920676000000001,
    0.18951060000000008,
    0.09121660000000009
  ],
  "epsilon_T": [
    974,
    10978,
    20986,
    31298,
    41935,
    52200,
    62346,
    73282,
    83580,
    93689
  ],
  "grad_norm": [
    32.77229690551758,
    32.622886657714844,
    27.215599060058594,
    26.293994903564453,
    21.447120666503906,
    6.285470485687256,
    26.812875747680664,
    37.679832458496094,
    21.783409118652344
  ],
  "grad_norm_T": [
    15723,
    26114,
    36124,
    46627,
    56764,
    67438,
    78082,
    88139,
    98334
  ],
  "loss": [
    359.00848388671875,
    333.600341796875,
    327.0343933105469,
    329.91094970703125,
    323.20361328125,
    329.1629638671875,
    334.7909240722656,
    329.285888671875,
    315.03076171875
  ],
  "loss_T": [
    15723,
    26114,
    36124,
    46627,
    56764,
    67438,
    78082,
    88139,
    98334
  ],
  "noop_fastpath_steps_mean": [
    900.0,
    931.3,
    935.1,
    967.2,
    903.0,
    871.5454545454545,
    866.0909090909091,
    938.9090909090909,
    883.0,
    867.3636363636364
  ],
  "noop_fastpath_steps_mean_T": [
    974,
    10978,
    20986,
    31298,
    41935,
    52200,
    62346,
    73282,
    83580,
    93689
  ],
  "on_time_rate_mean": [
    0.94,
    0.966,
    0.9620000000000001,
    0.968,
    0.9727272727272727,
    0.9472727272727273,
    0.9654545454545456,
    0.9672727272727273,
    0.9618181818181818,
    0.9581818181818185
  ],
  "on_time_rate_mean_T": [
    974,
    10978,
    20986,
    31298,
    41935,
    52200,
    62346,
    73282,
    83580,
    93689
  ],
  "order_generate_rate_mean": [
    19.48,
    20.008,
    20.016,
    20.624,
    19.34,
    18.663636363636364,
    18.44727272727273,
    19.88363636363636,
    18.723636363636363,
    18.380000000000003
  ],
  "order_generate_rate_mean_T": [
    974,
    10978,
    20986,
    31298,
    41935,
    52200,
    62346,
    73282,
    83580,
    93689
  ],
  "q_taken_mean": [
    0.04708252030763054,
    0.325463917375257,
    0.3561504899867122,
    0.4793671678693383,
    0.37489211404573325,
    0.42086025725272586,
    0.3589486974225174,
    0.8576239415680952,
    0.7483300519970697
  ],
  "q_taken_mean_T": [
    15723,
    26114,
    36124,
    46627,
    56764,
    67438,
    78082,
    88139,
    98334
  ],
  "return_mean": [
    3919.7800000000107,
    3814.6160000000336,
    3728.834000000041,
    3641.7460000000456,
    3724.6254545455017,
    3563.5618181818554,
    3766.9218181818565,
    3684.049090909133,
    3732.745454545494,
    3619.1200000000385
  ],
  "return_mean_T": [
    974,
    10978,
    20986,
    31298,
    41935,
    52200,
    62346,
    73282,
    83580,
    93689
  ],
  "return_std": [
    0.0,
    69.99452738607727,
    137.7715639890969,
    104.37336031766309,
    190.97111092156308,
    93.24313845759517,
    105.85066159609366,
    134.6525871509596,
    97.28856350276433,
    136.50688613998793
  ],