{
  "avg_delay_mean": [
    4.18,
    4.779387755102041,
    5.250909090909091,
    3.651326530612245,
    6.9699489795918375,
    23.369565217391305,
    24.244444444444444,
    18.068181818181817,
    21.295454545454547,
    13.418604651162791,
    14.228571428571428,
    20.511627906976745,
    41.170731707317074,
    32.02325581395349,
    18.31111111111111,
    23.74468085106383,
    16.78723404255319,
    20.956521739130434,
    15.565217391304348,
    17.272727272727273,
    31.302325581395348
  ],
  "avg_delay_mean_T": [
    934,
    21921,
    32145,
    55051,
    81770,
    101770,
    121770,
    141770,
    161770,
    181770,
    201770,
    221770,
    241770,
    261770,
    281770,
    301770,
    321770,
    341770,
    361770,
    381770,
    401770
  ],
  "avg_delivery_time_mean": [
    145.24,
    153.41510204081632,
    141.96727272727273,
    142.22418367346938,
    144.35719387755103,
    132.56521739130434,
    137.55555555555554,
    138.20454545454547,
    126.63636363636364,
    128.4418604651163,
    144.94285714285715,
    134.95348837209303,
    162.65853658536585,
    141.32558139534885,
    139.35555555555555,
    145.0,
    145.80851063829786,
    154.08695652173913,
    138.30434782608697,
    134.3409090909091,
    163.88372093023256
  ],
  "avg_delivery_time_mean_T": [
    934,
    21921,
    32145,
    55051,
    81770,
    101770,
    121770,
    141770,
    161770,
    181770,
    201770,
    221770,
    241770,
    261770,
    281770,
    301770,
    321770,
    341770,
    361770,
    381770,
    401770
  ],
  "avg_energy_per_distance_mean": [
    0.0,
    0.0,
    0.0,
    0.0,
    0.0,
    0.0,
    0.0,
    0.0,
    0.0,
    0.0,
    0.0,
    0.0,
    0.0,
    0.0,
    0.0,
    0.0,
    0.0,
    0.0,
    0.0,
    0.0,
    0.0
  ],
  "avg_energy_per_distance_mean_T": [
    934,
    21921,
    32145,
    55051,
    81770,
    101770,
    121770,
    141770,
    161770,
    181770,
    201770,
    221770,
    241770,
    261770,
    281770,
    301770,
    321770,
    341770,
    361770,
    381770,
    401770
  ],
  "avg_energy_per_task_mean": [
    1441.5241789901618,
    1520.6470888716035,
    1406.5812534935883,
    1409.4544096778247,
    1430.6420985392483,
    1313.59520921034,
    1364.9359090574399,
    1371.3269635333486,
    1253.6976253481923,
    1274.2263301361095,
    1438.352715701698,
    1338.32267520385,
    1614.8482995209065,
    1400.5218109075151,
    1381.0479620967922,
    1436.5426678636456,
    1444.751052036811,
    1528.1975269480724,
    1371.7781168347522,
    1331.0442809059134,
    1625.4563013542488
  ],
  "avg_energy_per_task_mean_T": [
    934,
    21921,
    32145,
    55051,
    81770,
    101770,
    121770,
    141770,
    161770,
    181770,
    201770,
    221770,
    241770,
    261770,
    281770,
    301770,
    321770,
    341770,
    361770,
    381770,
    401770
  ],
  "completion_rate_mean": [
    1.0,
    0.99,
    1.0,
    0.995,
    0.9975,
    0.92,
    0.9,
    0.88,
    0.88,
    0.86,
    0.7,
    0.86,
    0.82,
    0.86,
    0.9,
    0.94,
    0.94,
    0.92,
    0.92,
    0.88,
    0.86
  ],
  "completion_rate_mean_T": [
    934,
    21921,
    32145,
    55051,
    81770,
    101770,
    121770,
    141770,
    161770,
    181770,
    201770,
    221770,
    241770,
    261770,
    281770,
    301770,
    321770,
    341770,
    361770,
    381770,
    401770
  ],
  "ep_length_mean": [
    934.0,
    10493.5,
    929.4545454545455,
    5726.5,
    3339.875,
    20000.0,
    20000.0,
    20000.0,
    20000.0,
    20000.0,
    20000.0,
    20000.0,
    20000.0,
    20000.0,
    20000.0,
    20000.0,
    20000.0,
    20000.0,
    20000.0,
    20000.0,
    20000.0
  ],
  "ep_length_mean_T": [
    934,
    21921,
    32145,
    55051,
    81770,
    101770,
    121770,
    141770,
    161770,
    181770,
    201770,
    221770,
    241770,
    261770,
    281770,
    301770,
    321770,
    341770,
    361770,
    381770,
    401770
  ],
  "episode": [
    18.0,
    27.0,
    29.0,
    31.0,
    33.0,
    35.0,
    37.0,
    39.0,
    41.0
  ],
  "episode_T": [
    55051,
    101770,
    141770,
    181770,
    221770,
    261770,
    301770,
    341770,
    381770
  ],
  "episode_limit_mean": [
    0.0,
    0.5,
    0.0,
    0.25,
    0.125,
    1.0,
    1.0,
    1.0,
    1.0,
    1.0,
    1.0,
    1.0,
    1.0,
    1.0,
    1.0,
    1.0,
    1.0,
    1.0,
    1.0,
    1.0,
    1.0
  ],
  "episode_limit_mean_T": [
    934,
    21921,
    32145,
    55051,
    81770,
    101770,
    121770,
    141770,
    161770,
    181770,
    201770,
    221770,
    241770,
    261770,
    281770,
    301770,
    321770,
    341770,
    361770,
    381770,
    401770
  ],
  "episode_seed": [
    101.0,
    103.0,
    104.0,
    105.0,
    106.0,
    107.0,
    108.0,
    109.0,
    110.0,
    111.0,
    112.0,
    113.0,
    114.0,
    115.0,
    116.0,
    117.0,
    118.0,
    119.0,
    121.0,
    122.0,
    123.0,
    124.0,
    125.0,
    126.0,
    127.0,
    128.0,
    129.0,
    131.0,
    132.0,
    134.0,
    135.0,
    137.0,
    138.0,
    140.0,
    141.0,
    143.0,
    144.0,
    146.0,
    147.0,
    149.0,
    150.0,
    152.0
  ],
  "episode_seed_T": [
    0,
    934,
    1921,
    21921,
    22900,
    23838,
    24817,
    25769,
    26737,
    27700,
    28576,
    29408,
    30237,
    31188,
    32145,
    33101,
    34065,
    35051,
    55051,
    56047,
    56993,
    58000,
    58908,
    59849,
    60823,
    61770,
    81770,
    101770,
    121770,
    141770,
    161770,
    181770,
    201770,
    221770,
    241770,
    261770,
    281770,
    301770,
    321770,
    341770,
    361770,
    381770
  ],
  "epsilon": [
    1.0,
    0.97646775,
    0.617947,
    0.57062525,
    0.24331750000000008,
    0.02,
    0.02,
    0.02,
    0.02,
    0.02,
    0.02,
    0.02,
    0.02,
    0.02,
    0.02,
    0.02,
    0.02,
    0.02,
    0.02,
    0.02,
    0.02
  ],
  "epsilon_T": [
    934,
    21921,
    32145,
    55051,
    81770,
    101770,
    121770,
    141770,
    161770,
    181770,
    201770,
    221770,
    241770,
    261770,
    281770,
    301770,
    321770,
    341770,
    361770,
    381770,
    401770
  ],
  "grad_norm": [
    11.567795753479004,
    36.32765197753906,
    54.94487762451172,
    13.853455543518066,
    11.384749412536621,
    5.50323486328125,
    15.571484565734863,
    7.510806560516357,
    6.088180065155029,
    4.8540425300598145,
    5.657202243804932,
    1.5547219514846802,
    2.1241326332092285,
    2.7152087688446045,
    1.3305855989456177,
    5.481146812438965,
    8.512331008911133,
    7.054514408111572
  ],
  "grad_norm_T": [
    26737,
    55051,
    81770,
    101770,
    121770,
    141770,
    161770,
    181770,
    201770,
    221770,
    241770,
    261770,
    281770,
    301770,
    321770,
    341770,
    361770,
    381770
  ],
  "loss": [
    101.04515838623047,
    331.31658935546875,
    313.7987365722656,
    56.38108825683594,
    95.8475341796875,
    327.5154113769531,
    353.2485656738281,
    37.29679489135742,
    54.183162689208984,
    92.61734008789062,
    54.2826042175293,
    54.03059768676758,
    54.691200256347656,
    54.5439567565918,
    30.848997116088867,
    92.59954833984375,
    56.72151184082031,
    94.91116333007812
  ],
  "loss_T": [
    26737,
    55051,
    81770,
    101770,
    121770,
    141770,
    161770,
    181770,
    201770,
    221770,
    241770,
    261770,
    281770,
    301770,
    321770,
    341770,
    361770,
    381770
  ],
  "noop_fastpath_steps_mean": [
    875.0,
    10426.0,
    850.7272727272727,
    5628.0,
    3162.125,
    19281.0,
    19192.0,
    19251.0,
    19197.0,
    19225.0,
    19286.0,
    19242.0,
    19144.0,
    19217.0,
    19249.0,
    19287.0,
    19437.0,
    19224.0,
    19218.0,
    19287.0,
    19208.0
  ],