{
  "avg_delay_mean": [
    2.3859649122807016,
    1.5018124857598543,
    1.4903854463745572,
    1.1358395989974936,
    0.6973381730187538,
    0.7417299824663939,
    0.448052334225394,
    1.1211572180011689,
    1.1071092278719397,
    1.8615819209039548
  ],
  "avg_delay_mean_T": [
    2000,
    12000,
    22000,
    32000,
    42000,
    52000,
    62000,
    72000,
    83977,
    95412
  ],
  "avg_delivery_time_mean": [
    144.33333333333334,
    153.2417699813798,
    144.8821190908305,
    140.10858395989973,
    146.67574107683,
    142.69912331969607,
    150.75064238621098,
    150.85788653398544,
    150.37179849340865,
    154.50240112994348
  ],
  "avg_delivery_time_mean_T": [
    2000,
    12000,
    22000,
    32000,
    42000,
    52000,
    62000,
    72000,
    83977,
    95412
  ],
  "avg_energy_per_distance_mean": [
    0.0,
    0.0,
    0.0,
    0.0,
    0.0,
    0.0,
    0.0,
    0.0,
    0.0,
    0.0
  ],
  "avg_energy_per_distance_mean_T": [
    2000,
    12000,
    22000,
    32000,
    42000,
    52000,
    62000,
    72000,
    83977,
    95412
  ],
  "avg_energy_per_task_mean": [
    1590.9204920152295,
    1696.9997505771757,
    1579.5513702216817,
    1537.980029949535,
    1543.9840353153613,
    1460.3029885354185,
    1558.4335554918498,
    1568.1508114646163,
    1523.4919436113198,
    1537.5332558075759
  ],
  "avg_energy_per_task_mean_T": [
    2000,
    12000,
    22000,
    32000,
    42000,
    52000,
    62000,
    72000,
    83977,
    95412
  ],
  "avg_generation_time_mean": [
    29.423728813559322,
    29.18305084745763,
    29.29491525423729,
    29.437288135593224,
    28.979661016949155,
    28.96271186440678,
    29.338983050847457,
    29.681355932203388,
    30.2090395480226,
    28.99435028248588
  ],
  "avg_generation_time_mean_T": [
    2000,
    12000,
    22000,
    32000,
    42000,
    52000,
    62000,
    72000,
    83977,
    95412
  ],
  "avg_generation_to_completion_time_mean": [
    144.33333333333334,
    153.29561686347532,
    144.90662215884538,
    140.13345864661656,
    146.86672716273443,
    142.93056691992984,
    151.11065653613872,
    151.40124991028125,
    151.2933615819209,
    157.21902071563088
  ],
  "avg_generation_to_completion_time_mean_T": [
    2000,
    12000,
    22000,
    32000,
    42000,
    52000,
    62000,
    72000,
    83977,
    95412
  ],
  "avg_steps_per_order_mean": [
    144.33333333333334,
    153.2417699813798,
    144.8821190908305,
    140.10858395989973,
    146.67574107683,
    142.69912331969607,
    150.75064238621098,
    150.85788653398544,
    150.37179849340865,
    154.50240112994348
  ],
  "avg_steps_per_order_mean_T": [
    2000,
    12000,
    22000,
    32000,
    42000,
    52000,
    62000,
    72000,
    83977,
    95412
  ],
  "avg_wait_time_to_load_mean": [
    0.0,
    0.05384688209552093,
    0.024503068014864744,
    0.02487468671679198,
    0.1909860859044162,
    0.2314436002337814,
    0.3600141499277123,
    0.543363376295795,
    0.921563088512241,
    2.7166195856873823
  ],
  "avg_wait_time_to_load_mean_T": [
    2000,
    12000,
    22000,
    32000,
    42000,
    52000,
    62000,
    72000,
    83977,
    95412
  ],
  "completion_rate_mean": [
    0.95,
    0.9366666666666668,
    0.9466666666666667,
    0.9400000000000001,
    0.96,
    0.9799999999999999,
    0.9733333333333333,
    0.97,
    0.9861111111111112,
    0.9972222222222222
  ],
  "completion_rate_mean_T": [
    2000,
    12000,
    22000,
    32000,
    42000,
    52000,
    62000,
    72000,
    83977,
    95412
  ],
  "ep_length_mean": [
    2000.0,
    2000.0,
    2000.0,
    2000.0,
    2000.0,
    2000.0,
    2000.0,
    2000.0,
    1996.1666666666667,
    1905.8333333333333
  ],
  "ep_length_mean_T": [
    2000,
    12000,
    22000,
    32000,
    42000,
    52000,
    62000,
    72000,
    83977,
    95412
  ],
  "episode": [
    5.0,
    10.0,
    15.0,
    20.0,
    25.0,
    30.0,
    35.0,
    41.0,
    47.0
  ],
  "episode_T": [
    10000,
    20000,
    30000,
    40000,
    50000,
    60000,
    70000,
    81977,
    93412
  ],
  "episode_limit_mean": [
    1.0,
    1.0,
    1.0,
    1.0,
    1.0,
    1.0,
    1.0,
    1.0,
    0.8333333333333334,
    0.16666666666666666
  ],
  "episode_limit_mean_T": [
    2000,
    12000,
    22000,
    32000,
    42000,
    52000,
    62000,
    72000,
    83977,
    95412
  ],
  "episode_seed": [
    101.0,
    103.0,
    104.0,
    105.0,
    106.0,
    107.0,
    109.0,
    110.0,
    111.0,
    112.0,
    113.0,
    115.0,
    116.0,
    117.0,
    118.0,
    119.0,
    121.0,
    122.0,
    123.0,
    124.0,
    125.0,
    127.0,
    128.0,
    129.0,
    130.0,
    131.0,
    133.0,
    134.0,
    135.0,
    136.0,
    137.0,
    139.0,
    140.0,
    141.0,
    142.0,
    143.0,
    145.0,
    146.0,
    147.0,
    148.0,
    149.0,
    150.0,
    152.0,
    153.0,
    154.0,
    155.0,
    156.0,
    157.0,
    159.0,
    160.0,
    161.0
  ],
  "episode_seed_T": [
    0,
    2000,
    4000,
    6000,
    8000,
    10000,
    12000,
    14000,
    16000,
    18000,
    20000,
    22000,
    24000,
    26000,
    28000,
    30000,
    32000,
    34000,
    36000,
    38000,
    40000,
    42000,
    44000,
    46000,
    48000,
    50000,
    52000,
    54000,
    56000,
    58000,
    60000,
    62000,
    64000,
    66000,
    68000,
    70000,
    72000,
    74000,
    75977,
    77977,
    79977,
    81977,
    83977,
    85940,
    87861,
    89684,
    91556,
    93412,
    95412,
    97212,
    99212
  ],
  "epsilon": [
    1.0,
    0.902,
    0.804,
    0.706,
    0.6080000000000001,
    0.51,
    0.41200000000000003,
    0.31400000000000006,
    0.19662540000000006,
    0.08456240000000004
  ],
  "epsilon_T": [
    2000,
    12000,
    22000,
    32000,
    42000,
    52000,
    62000,
    72000,
    83977,
    95412
  ],
  "grad_norm": [
    26.8681697845459,
    19.964197158813477,
    11.193745613098145,
    8.924758911132812,
    11.76739501953125,
    4.605053901672363,
    8.654696464538574
  ],
  "grad_norm_T": [
    32000,
    42000,
    52000,
    62000,
    72000,
    83977,
    95412
  ],
  "loss": [
    174.51922607421875,
    181.73602294921875,
    182.0510711669922,
    185.54220581054688,
    184.8416290283203,
    183.51785278320312,
    191.02349853515625
  ],
  "loss_T": [
    32000,
    42000,
    52000,
    62000,
    72000,
    83977,
    95412
  ],
  "max_delivery_time_mean": [
    322.0,
    315.6,
    311.8,
    322.2,
    295.0,
    297.2,
    286.6,
    315.0,
    322.5,
    315.1666666666667
  ],
  "max_delivery_time_mean_T": [
    2000,
    12000,
    22000,
    32000,
    42000,
    52000,
    62000,
    72000,
    83977,
    95412
  ],
  "noop_fastpath_steps_mean": [
    1942.0,
    1938.8,
    1940.4,
    1940.6,
    1930.8,
    1928.2,
    1920.6,
    1909.4,
    1882.6666666666667,
    1684.6666666666667
  ],
  "noop_fastpath_steps_mean_T": [
    2000,
    12000,
    22000,
    32000,
    42000,
    52000,
    62000,
    72000,
    83977,
    95412
  ],
  "on_time_rate_mean": [
    0.9473684210526315,
    0.9605775803144224,
    0.9613948664765362,
    0.9787593984962406,
    0.9860859044162129,
    0.9897720631209819,
    0.9829319060362771,
    0.9726475745178258,
    0.9746233521657252,
    0.958286252354049
  ],
  "on_time_rate_mean_T": [
    2000,
    12000,
    22000,
    32000,
    42000,
    52000,
    62000,
    72000,
    83977,
    95412
  ],
  "q_taken_mean": [
    0.08877236328125,
    0.345922119140625,
    0.25240146484375,
    0.324604833984375,
    0.2515787109375,
    0.2773609375,
    0.2724358286432001
  ],
  "q_taken_mean_T": [
    32000,
    42000,
    52000,
    62000,
    72000,
    83977,
    95412
  ],