{
  "avg_delay_mean": [
    5.76,
    2.0254545454545454,
    2.574
  ],
  "avg_delay_mean_T": [
    974,
    11616,
    21841
  ],
  "avg_delivery_time_mean": [
    156.26,
    143.0018181818182,
    146.528
  ],
  "avg_delivery_time_mean_T": [
    974,
    11616,
    21841
  ],
  "avg_energy_per_distance_mean": [
    0.0,
    0.0,
    0.0
  ],
  "avg_energy_per_distance_mean_T": [
    974,
    11616,
    21841
  ],
  "avg_energy_per_task_mean": [
    1549.4548664513306,
    1417.6640477806861,
    1452.7590224300745
  ],
  "avg_energy_per_task_mean_T": [
    974,
    11616,
    21841
  ],
  "completion_rate_mean": [
    1.0,
    1.0,
    1.0
  ],
  "completion_rate_mean_T": [
    974,
    11616,
    21841
  ],
  "ep_length_mean": [
    974.0,
    967.4545454545455,
    1022.5
  ],
  "ep_length_mean_T": [
    974,
    11616,
    21841
  ],
  "episode": [
    11.0,
    21.0
  ],
  "episode_T": [
    10691,
    20735
  ],
  "episode_limit_mean": [
    0.0,
    0.0,
    0.0
  ],
  "episode_limit_mean_T": [
    974,
    11616,
    21841
  ],
  "episode_seed": [
    101.0,
    103.0,
    104.0,
    105.0,
    106.0,
    107.0,
    108.0,
    109.0,
    110.0,
    111.0,
    112.0,
    113.0,
    115.0,
    116.0,
    117.0,
    118.0,
    119.0,
    120.0,
    121.0,
    122.0,
    123.0,
    124.0,
    126.0,
    127.0,
    128.0,
    129.0,
    130.0,
    131.0,
    132.0
  ],
  "episode_seed_T": [
    0,
    974,
    1976,
    3025,
    4032,
    4983,
    5931,
    6841,
    7789,
    8736,
    9737,
    10691,
    11616,
    12591,
    13555,
    14469,
    15479,
    16487,
    17540,
    18604,
    19705,
    20735,
    21841,
    22869,
    23870,
    24898,
    25994,
    27086,
    28142
  ],
  "epsilon": [
    1.0,
    0.86903525,
    0.74599625
  ],
  "epsilon_T": [
    974,
    11616,
    21841
  ],
  "grad_norm": [
    34.27897262573242,
    18.151397705078125
  ],
  "grad_norm_T": [
    7789,
    18604
  ],
  "loss": [
    375.0294189453125,
    333.42962646484375
  ],
  "loss_T": [
    7789,
    18604
  ],
  "noop_fastpath_steps_mean": [
    900.0,
    899.1818181818181,
    959.7
  ],
  "noop_fastpath_steps_mean_T": [
    974,
    11616,
    21841
  ],
  "on_time_rate_mean": [
    0.94,
    0.9672727272727273,
    0.9600000000000002
  ],
  "on_time_rate_mean_T": [
    974,
    11616,
    21841
  ],
  "order_generate_rate_mean": [
    19.48,
    19.349090909090908,
    20.45
  ],
  "order_generate_rate_mean_T": [
    974,
    11616,
    21841
  ],
  "q_taken_mean": [
    0.04736529982186417,
    0.47727717806648834
  ],
  "q_taken_mean_T": [
    7789,
    18604
  ],
  "return_mean": [
    3919.7800000000107,
    3842.2745454545857,
    3668.503000000037
  ],
  "return_mean_T": [
    974,
    11616,
    21841
  ],
  "return_std": [
    0.0,
    54.10794956946538,
    171.1967787109357
  ],
  "return_std_T": [
    974,
    11616,
    21841
  ],
  "target_mean": [
    0.44247386137501604,
    0.4287549953827538
  ],
  "target_mean_T": [
    7789,
    18604
  ],
  "td_error_abs": [
    4.307044590127102,
    7.941083341294103
  ],
  "td_error_abs_T": [
    7789,
    18604
  ],
  "test_avg_delay_mean": [
    7.959183673469388,
    5.62,
    3.14
  ],
  "test_avg_delay_mean_T": [
    974,
    11616,
    21841
  ],
  "test_avg_delivery_time_mean": [
    160.6122448979592,
    147.34,
    152.1
  ],
  "test_avg_delivery_time_mean_T": [
    974,
    11616,
    21841
  ],
  "test_avg_energy_per_distance_mean": [
    0.0,
    0.0,
    0.0
  ],
  "test_avg_energy_per_distance_mean_T": [
    974,
    11616,
    21841
  ],
  "test_avg_energy_per_task_mean": [
    1593.3071506647927,
    1460.1106277044073,
    1505.8124821376487
  ],
  "test_avg_energy_per_task_mean_T": [
    974,
    11616,
    21841
  ],
  "test_completion_rate_mean": [
    0.98,
    1.0,
    1.0
  ],
  "test_completion_rate_mean_T": [
    974,
    11616,
    21841
  ],
  "test_ep_length_mean": [
    2000.0,
    1110.0,
    1002.0
  ],
  "test_ep_length_mean_T": [
    974,
    11616,
    21841
  ],
  "test_episode_limit_mean": [
    1.0,
    0.0,
    0.0
  ],
  "test_episode_limit_mean_T": [
    974,
    11616,
    21841
  ],
  "test_episode_seed": [
    102.0,
    114.0,
    125.0
  ],
  "test_episode_seed_T": [
    974,
    11616,
    21841
  ],
  "test_noop_fastpath_steps_mean": [
    1953.0,
    1062.0,
    954.0
  ],
  "test_noop_fastpath_steps_mean_T": [
    974,
    11616,
    21841
  ],
  "test_on_time_rate_mean": [
    0.9183673469387755,
    0.94,
    0.96
  ],
  "test_on_time_rate_mean_T": [
    974,
    11616,
    21841
  ],
  "test_order_generate_rate_mean": [
    40.0,
    22.2,
    20.04
  ],
  "test_order_generate_rate_mean_T": [
    974,
    11616,
    21841
  ],
  "test_return_mean": [
    3430.989999999882,
    3716.2500000000155,
    3728.2700000000355
  ],
  "test_return_mean_T": [
    974,
    11616,
    21841
  ],
  "test_return_std": [
    0.0,
    0.0,
    0.0
  ],
  "test_return_std_T": [
    974,
    11616,
    21841
  ],
  "test_total_completed_mean": [
    49.0,
    50.0,
    50.0
  ],
  "test_total_completed_mean_T": [
    974,
    11616,
    21841
  ],
  "test_total_energy_consumed_mean": [
    78072.05038257485,
    73005.53138522037,
    75290.62410688243
  ],
  "test_total_energy_consumed_mean_T": [
    974,
    11616,
    21841
  ],
  "total_completed_mean": [
    50.0,
    50.0,
    50.0
  ],
  "total_completed_mean_T": [
    974,
    11616,
    21841
  ],
  "total_energy_consumed_mean": [
    77472.74332256653,
    70883.2023890343,
    72637.95112150372
  ],
  "total_energy_consumed_mean_T": [
    974,
    11616,
    21841
  ]
}