{
  "avg_delay_mean": [
    29.1875,
    40.68802447552447,
    35.6025,
    26.269322325421392,
    26.05478991596639,
    26.880000000000003,
    28.237634085213028,
    27.482253711201082,
    45.57523809523809,
    37.25293233082707
  ],
  "avg_delay_mean_T": [
    2000,
    12000,
    22000,
    32000,
    42000,
    52000,
    62000,
    72000,
    82000,
    92000
  ],
  "avg_delivery_time_mean": [
    141.375,
    155.45515734265734,
    149.15916666666666,
    125.45971104231167,
    134.50935807656396,
    138.9021568627451,
    117.59704909332154,
    143.38205128205126,
    165.80952380952382,
    152.90127192982456
  ],
  "avg_delivery_time_mean_T": [
    2000,
    12000,
    22000,
    32000,
    42000,
    52000,
    62000,
    72000,
    82000,
    92000
  ],
  "avg_energy_per_distance_mean": [
    0.0,
    0.0,
    0.0,
    0.0,
    0.0,
    0.0,
    0.0,
    0.0,
    0.0,
    0.0
  ],
  "avg_energy_per_distance_mean_T": [
    2000,
    12000,
    22000,
    32000,
    42000,
    52000,
    62000,
    72000,
    82000,
    92000
  ],
  "avg_energy_per_task_mean": [
    1400.6056702506814,
    1541.0129900043576,
    1477.680250403043,
    1242.8080501644226,
    1333.7375272803056,
    1376.28339144139,
    1164.5154157724342,
    1421.6903441812256,
    1645.344877106382,
    1517.1136032170448
  ],
  "avg_energy_per_task_mean_T": [
    2000,
    12000,
    22000,
    32000,
    42000,
    52000,
    62000,
    72000,
    82000,
    92000
  ],
  "avg_generation_time_mean": [
    7.270833333333333,
    7.4208333333333325,
    7.458333333333334,
    7.491666666666665,
    7.677083333333334,
    7.789583333333335,
    7.639583333333334,
    7.489583333333334,
    7.40625,
    7.53125
  ],
  "avg_generation_time_mean_T": [
    2000,
    12000,
    22000,
    32000,
    42000,
    52000,
    62000,
    72000,
    82000,
    92000
  ],
  "completion_rate_mean": [
    0.32,
    0.29600000000000004,
    0.316,
    0.344,
    0.32,
    0.324,
    0.396,
    0.328,
    0.26,
    0.30400000000000005
  ],
  "completion_rate_mean_T": [
    2000,
    12000,
    22000,
    32000,
    42000,
    52000,
    62000,
    72000,
    82000,
    92000
  ],
  "ep_length_mean": [
    2000.0,
    2000.0,
    2000.0,
    2000.0,
    2000.0,
    2000.0,
    2000.0,
    2000.0,
    2000.0,
    2000.0
  ],
  "ep_length_mean_T": [
    2000,
    12000,
    22000,
    32000,
    42000,
    52000,
    62000,
    72000,
    82000,
    92000
  ],
  "episode": [
    5.0,
    10.0,
    15.0,
    20.0,
    25.0,
    30.0,
    35.0,
    40.0,
    45.0,
    50.0
  ],
  "episode_T": [
    10000,
    20000,
    30000,
    40000,
    50000,
    60000,
    70000,
    80000,
    90000,
    100000
  ],
  "episode_limit_mean": [
    1.0,
    1.0,
    1.0,
    1.0,
    1.0,
    1.0,
    1.0,
    1.0,
    1.0,
    1.0
  ],
  "episode_limit_mean_T": [
    2000,
    12000,
    22000,
    32000,
    42000,
    52000,
    62000,
    72000,
    82000,
    92000
  ],
  "episode_seed": [
    101.0,
    103.0,
    104.0,
    105.0,
    106.0,
    107.0,
    109.0,
    110.0,
    111.0,
    112.0,
    113.0,
    115.0,
    116.0,
    117.0,
    118.0,
    119.0,
    121.0,
    122.0,
    123.0,
    124.0,
    125.0,
    127.0,
    128.0,
    129.0,
    130.0,
    131.0,
    133.0,
    134.0,
    135.0,
    136.0,
    137.0,
    139.0,
    140.0,
    141.0,
    142.0,
    143.0,
    145.0,
    146.0,
    147.0,
    148.0,
    149.0,
    151.0,
    152.0,
    153.0,
    154.0,
    155.0,
    157.0,
    158.0,
    159.0,
    160.0,
    161.0
  ],
  "episode_seed_T": [
    0,
    2000,
    4000,
    6000,
    8000,
    10000,
    12000,
    14000,
    16000,
    18000,
    20000,
    22000,
    24000,
    26000,
    28000,
    30000,
    32000,
    34000,
    36000,
    38000,
    40000,
    42000,
    44000,
    46000,
    48000,
    50000,
    52000,
    54000,
    56000,
    58000,
    60000,
    62000,
    64000,
    66000,
    68000,
    70000,
    72000,
    74000,
    76000,
    78000,
    80000,
    82000,
    84000,
    86000,
    88000,
    90000,
    92000,
    94000,
    96000,
    98000,
    100000
  ],
  "epsilon": [
    1.0,
    0.902,
    0.804,
    0.706,
    0.6080000000000001,
    0.51,
    0.41200000000000003,
    0.31400000000000006,
    0.21600000000000008,
    0.1180000000000001
  ],
  "epsilon_T": [
    2000,
    12000,
    22000,
    32000,
    42000,
    52000,
    62000,
    72000,
    82000,
    92000
  ],
  "grad_norm": [
    3.0645787715911865,
    1.0678921937942505,
    0.5645872950553894,
    0.7825655937194824,
    2.254791021347046,
    1.562188982963562,
    0.8748655319213867
  ],
  "grad_norm_T": [
    32000,
    42000,
    52000,
    62000,
    72000,
    82000,
    92000
  ],
  "loss": [
    88.7087173461914,
    86.433837890625,
    88.21482849121094,
    90.12815856933594,
    85.43307495117188,
    85.29693603515625,
    86.9884262084961
  ],
  "loss_T": [
    32000,
    42000,
    52000,
    62000,
    72000,
    82000,
    92000
  ],
  "noop_fastpath_steps_mean": [
    1981.0,
    1982.6,
    1980.2,
    1979.2,
    1982.8,
    1981.4,
    1980.0,
    1982.8,
    1987.2,
    1985.4
  ],
  "noop_fastpath_steps_mean_T": [
    2000,
    12000,
    22000,
    32000,
    42000,
    52000,
    62000,
    72000,
    82000,
    92000
  ],
  "on_time_rate_mean": [
    0.5625,
    0.5377622377622379,
    0.5825,
    0.6817475060199518,
    0.5950653594771242,
    0.6265196078431372,
    0.6009482529854047,
    0.6199730094466936,
    0.589047619047619,
    0.5774561403508772
  ],
  "on_time_rate_mean_T": [
    2000,
    12000,
    22000,
    32000,
    42000,
    52000,
    62000,
    72000,
    82000,
    92000
  ],
  "order_generate_rate_mean": [
    40.0,
    40.0,
    40.0,
    40.0,
    40.0,
    40.0,
    40.0,
    40.0,
    40.0,
    40.0
  ],
  "order_generate_rate_mean_T": [
    2000,
    12000,
    22000,
    32000,
    42000,
    52000,
    62000,
    72000,
    82000,
    92000
  ],
  "q_taken_mean": [
    0.0031925134658813475,
    -0.12572381591796875,
    -0.1712272745768229,
    -0.12630891927083332,
    -0.21758697509765626,
    -0.11631850179036458,
    -0.17831028238932292
  ],
  "q_taken_mean_T": [
    32000,
    42000,
    52000,
    62000,
    72000,
    82000,
    92000
  ],
  "return_mean": [
    -872.1600000000491,
    -1153.614000000019,
    -980.1680000000406,
    -753.1600000000033,
    -928.2620000000221,
    -974.314000000013,
    -559.1399999999894,
    -1019.9860000000035,
    -1323.2900000000252,
    -1089.3580000000263
  ],
  "return_mean_T": [
    2000,
    12000,
    22000,
    32000,
    42000,
    52000,
    62000,
    72000,
    82000,
    92000
  ],
  "return_std": [
    0.0,
    264.4844749016507,
    52.26009659386374,
    243.34424266870147,
    249.59961012792095,
    154.43445296956236,
    338.9259880268682,
    349.28008369216946,
    174.25336461599943,
    271.6621629450858
  ],
  "return_std_T": [
    2000,
    12000,
    22000,
    32000,
    42000,
    52000,
    62000,
    72000,
    82000,
    92000
  ],
  "target_mean": [
    -0.1562356160481771,
    -0.1579178670247396,
    -0.15326531982421876,
    -0.14818465169270834,
    -0.15816151936848957,
    -0.155204833984375,
    -0.15327988688151042
  ],
  "target_mean_T": [
    32000,
    42000,
    52000,
    62000,
    72000,
    82000,
    92000
  ],
  "td_error_abs": [
    1.739602783203125,
    2.011310791015625,
    1.999603515625,
    2.0467135009765625,
    2.0042353515625,
    2.035275146484375,
    2.0309990234375
  ],
  "td_error_abs_T": [
    32000,
    42000,
    52000,
    62000,
    72000,
    82000,
    92000
  ],
  "test_avg_delay_mean": [
    42.625,
    33.42857142857143,
    32.5625,
    22.066666666666666,
    31.476190476190474,
    32.642857142857146,
    44.57142857142857,
    45.76923076923077,
    44.2,
    40.53846153846154
  ],