{
  "avg_delay_mean": [
    29.1875,
    34.90168067226891,
    41.333749078578805,
    36.81754385964913,
    28.795693277310924,
    27.007693744164335,
    23.27731829573935,
    35.759633699633696,
    46.60289987789987,
    37.7543137254902
  ],
  "avg_delay_mean_T": [
    2000,
    12000,
    22000,
    32000,
    42000,
    52000,
    62000,
    72000,
    82000,
    92000
  ],
  "avg_delivery_time_mean": [
    141.375,
    150.53546218487395,
    147.23523219814243,
    135.85,
    138.18792016806725,
    141.50992530345474,
    117.92083333333335,
    147.45245421245423,
    160.51413308913308,
    165.5762745098039
  ],
  "avg_delivery_time_mean_T": [
    2000,
    12000,
    22000,
    32000,
    42000,
    52000,
    62000,
    72000,
    82000,
    92000
  ],
  "avg_energy_per_distance_mean": [
    0.0,
    0.0,
    0.0,
    0.0,
    0.0,
    0.0,
    0.0,
    0.0,
    0.0,
    0.0
  ],
  "avg_energy_per_distance_mean_T": [
    2000,
    12000,
    22000,
    32000,
    42000,
    52000,
    62000,
    72000,
    82000,
    92000
  ],
  "avg_energy_per_task_mean": [
    1400.6056702506814,
    1492.738543408866,
    1457.4258840130522,
    1346.92161048634,
    1369.6594882070397,
    1401.7538918199884,
    1167.5720653175679,
    1462.0408217197805,
    1592.877224523382,
    1643.5610949299353
  ],
  "avg_energy_per_task_mean_T": [
    2000,
    12000,
    22000,
    32000,
    42000,
    52000,
    62000,
    72000,
    82000,
    92000
  ],
  "avg_generation_time_mean": [
    6.857142857142857,
    7.471428571428571,
    7.760714285714286,
    7.378571428571429,
    7.196428571428571,
    7.6,
    7.357142857142857,
    6.892857142857143,
    7.121428571428571,
    7.578571428571429
  ],
  "avg_generation_time_mean_T": [
    2000,
    12000,
    22000,
    32000,
    42000,
    52000,
    62000,
    72000,
    82000,
    92000
  ],
  "completion_rate_mean": [
    0.5333333333333333,
    0.5133333333333333,
    0.5466666666666666,
    0.5666666666666667,
    0.5333333333333332,
    0.5333333333333334,
    0.6066666666666667,
    0.4866666666666667,
    0.48666666666666664,
    0.47333333333333333
  ],
  "completion_rate_mean_T": [
    2000,
    12000,
    22000,
    32000,
    42000,
    52000,
    62000,
    72000,
    82000,
    92000
  ],
  "ep_length_mean": [
    2000.0,
    2000.0,
    2000.0,
    2000.0,
    2000.0,
    2000.0,
    2000.0,
    2000.0,
    2000.0,
    2000.0
  ],
  "ep_length_mean_T": [
    2000,
    12000,
    22000,
    32000,
    42000,
    52000,
    62000,
    72000,
    82000,
    92000
  ],
  "episode": [
    5.0,
    10.0,
    15.0,
    20.0,
    25.0,
    30.0,
    35.0,
    40.0,
    45.0,
    50.0
  ],
  "episode_T": [
    10000,
    20000,
    30000,
    40000,
    50000,
    60000,
    70000,
    80000,
    90000,
    100000
  ],
  "episode_limit_mean": [
    1.0,
    1.0,
    1.0,
    1.0,
    1.0,
    1.0,
    1.0,
    1.0,
    1.0,
    1.0
  ],
  "episode_limit_mean_T": [
    2000,
    12000,
    22000,
    32000,
    42000,
    52000,
    62000,
    72000,
    82000,
    92000
  ],
  "episode_seed": [
    101.0,
    103.0,
    104.0,
    105.0,
    106.0,
    107.0,
    109.0,
    110.0,
    111.0,
    112.0,
    113.0,
    115.0,
    116.0,
    117.0,
    118.0,
    119.0,
    121.0,
    122.0,
    123.0,
    124.0,
    125.0,
    127.0,
    128.0,
    129.0,
    130.0,
    131.0,
    133.0,
    134.0,
    135.0,
    136.0,
    137.0,
    139.0,
    140.0,
    141.0,
    142.0,
    143.0,
    145.0,
    146.0,
    147.0,
    148.0,
    149.0,
    151.0,
    152.0,
    153.0,
    154.0,
    155.0,
    157.0,
    158.0,
    159.0,
    160.0,
    161.0
  ],
  "episode_seed_T": [
    0,
    2000,
    4000,
    6000,
    8000,
    10000,
    12000,
    14000,
    16000,
    18000,
    20000,
    22000,
    24000,
    26000,
    28000,
    30000,
    32000,
    34000,
    36000,
    38000,
    40000,
    42000,
    44000,
    46000,
    48000,
    50000,
    52000,
    54000,
    56000,
    58000,
    60000,
    62000,
    64000,
    66000,
    68000,
    70000,
    72000,
    74000,
    76000,
    78000,
    80000,
    82000,
    84000,
    86000,
    88000,
    90000,
    92000,
    94000,
    96000,
    98000,
    100000
  ],
  "epsilon": [
    1.0,
    0.902,
    0.804,
    0.706,
    0.6080000000000001,
    0.51,
    0.41200000000000003,
    0.31400000000000006,
    0.21600000000000008,
    0.1180000000000001
  ],
  "epsilon_T": [
    2000,
    12000,
    22000,
    32000,
    42000,
    52000,
    62000,
    72000,
    82000,
    92000
  ],
  "grad_norm": [
    1.936668038368225,
    0.41429442167282104,
    1.6785337924957275,
    0.3890291154384613,
    0.47846293449401855,
    1.3345619440078735,
    0.4441410303115845
  ],
  "grad_norm_T": [
    32000,
    42000,
    52000,
    62000,
    72000,
    82000,
    92000
  ],
  "loss": [
    70.08528900146484,
    71.13009643554688,
    69.79193878173828,
    71.03406524658203,
    68.2308120727539,
    67.86771392822266,
    67.72954559326172
  ],
  "loss_T": [
    32000,
    42000,
    52000,
    62000,
    72000,
    82000,
    92000
  ],
  "noop_fastpath_steps_mean": [
    1981.0,
    1977.4,
    1981.2,
    1982.0,
    1982.4,
    1983.6,
    1982.6,
    1986.6,
    1986.6,
    1987.6
  ],
  "noop_fastpath_steps_mean_T": [
    2000,
    12000,
    22000,
    32000,
    42000,
    52000,
    62000,
    72000,
    82000,
    92000
  ],
  "on_time_rate_mean": [
    0.5625,
    0.5797759103641458,
    0.5053191803037005,
    0.6078947368421053,
    0.6173319327731093,
    0.6134407096171802,
    0.7175438596491228,
    0.6302472527472528,
    0.49699328449328456,
    0.5329411764705883
  ],
  "on_time_rate_mean_T": [
    2000,
    12000,
    22000,
    32000,
    42000,
    52000,
    62000,
    72000,
    82000,
    92000
  ],
  "order_generate_rate_mean": [
    66.66666666666667,
    66.66666666666667,
    66.66666666666667,
    66.66666666666667,
    66.66666666666667,
    66.66666666666667,
    66.66666666666667,
    66.66666666666667,
    66.66666666666667,
    66.66666666666667
  ],
  "order_generate_rate_mean_T": [
    2000,
    12000,
    22000,
    32000,
    42000,
    52000,
    62000,
    72000,
    82000,
    92000
  ],
  "q_taken_mean": [
    0.002646465301513672,
    0.01995591481526693,
    0.06436338297526041,
    0.01934698232014974,
    0.018058868408203126,
    0.035646466573079426,
    -0.02014453125
  ],
  "q_taken_mean_T": [
    32000,
    42000,
    52000,
    62000,
    72000,
    82000,
    92000
  ],
  "return_mean": [
    150.8599999999842,
    -34.29000000000547,
    -9.730000000004054,
    141.50599999998153,
    130.77999999998565,
    57.06999999998986,
    275.16799999997744,
    -139.0280000000046,
    -197.0759999999981,
    -250.4259999999973
  ],
  "return_mean_T": [
    2000,
    12000,
    22000,
    32000,
    42000,
    52000,
    62000,
    72000,
    82000,
    92000
  ],
  "return_std": [
    0.0,
    185.69646318655913,
    254.74058907051906,
    396.61644134349706,
    205.32394434160884,
    213.52839970363277,
    197.11856913033776,
    101.8993249045319,
    276.2459668918094,
    304.6262729706527
  ],
  "return_std_T": [
    2000,
    12000,
    22000,
    32000,
    42000,
    52000,
    62000,
    72000,
    82000,
    92000
  ],
  "target_mean": [
    0.009330601374308268,
    0.020037086486816406,
    0.009797074635823569,
    0.025874160766601564,
    0.00953765614827474,
    0.005844520568847656,
    -0.010426357905069987
  ],
  "target_mean_T": [
    32000,
    42000,
    52000,
    62000,
    72000,
    82000,
    92000
  ],
  "td_error_abs": [
    1.23813720703125,
    1.28845947265625,
    1.40922900390625,
    1.30676953125,
    1.2982921142578125,
    1.34846142578125,
    1.2591773681640626
  ],
  "td_error_abs_T": [
    32000,
    42000,
    52000,
    62000,
    72000,
    82000,
    92000
  ],